-- MySQL dump 10.13  Distrib 8.0.23, for osx10.15 (x86_64)
--
-- Host: localhost    Database: projectV
-- ------------------------------------------------------
-- Server version	8.0.23

/*!40101 SET @OLD_CHARACTER_SET_CLIENT=@@CHARACTER_SET_CLIENT */;
/*!40101 SET @OLD_CHARACTER_SET_RESULTS=@@CHARACTER_SET_RESULTS */;
/*!40101 SET @OLD_COLLATION_CONNECTION=@@COLLATION_CONNECTION */;
/*!50503 SET NAMES utf8mb4 */;
/*!40103 SET @OLD_TIME_ZONE=@@TIME_ZONE */;
/*!40103 SET TIME_ZONE='+00:00' */;
/*!40014 SET @OLD_UNIQUE_CHECKS=@@UNIQUE_CHECKS, UNIQUE_CHECKS=0 */;
/*!40014 SET @OLD_FOREIGN_KEY_CHECKS=@@FOREIGN_KEY_CHECKS, FOREIGN_KEY_CHECKS=0 */;
/*!40101 SET @OLD_SQL_MODE=@@SQL_MODE, SQL_MODE='NO_AUTO_VALUE_ON_ZERO' */;
/*!40111 SET @OLD_SQL_NOTES=@@SQL_NOTES, SQL_NOTES=0 */;

--
-- Current Database: `projectV`
--

CREATE DATABASE /*!32312 IF NOT EXISTS*/ `projectV` /*!40100 DEFAULT CHARACTER SET utf8mb4 COLLATE utf8mb4_0900_ai_ci */ /*!80016 DEFAULT ENCRYPTION='N' */;

USE `projectV`;

--
-- Table structure for table `experience`
--

DROP TABLE IF EXISTS `experience`;
/*!40101 SET @saved_cs_client     = @@character_set_client */;
/*!50503 SET character_set_client = utf8mb4 */;
CREATE TABLE `experience` (
  `name` varchar(32) NOT NULL,
  `title` varchar(32) NOT NULL,
  `iconUrl` varchar(128) DEFAULT NULL,
  `startDate` date DEFAULT NULL,
  `endDate` date DEFAULT NULL,
  PRIMARY KEY (`name`)
) ENGINE=InnoDB DEFAULT CHARSET=utf8mb4 COLLATE=utf8mb4_0900_ai_ci;
/*!40101 SET character_set_client = @saved_cs_client */;

--
-- Dumping data for table `experience`
--

LOCK TABLES `experience` WRITE;
/*!40000 ALTER TABLE `experience` DISABLE KEYS */;
/*!40000 ALTER TABLE `experience` ENABLE KEYS */;
UNLOCK TABLES;

--
-- Table structure for table `languageExperience`
--

DROP TABLE IF EXISTS `languageExperience`;
/*!40101 SET @saved_cs_client     = @@character_set_client */;
/*!50503 SET character_set_client = utf8mb4 */;
CREATE TABLE `languageExperience` (
  `language` varchar(32) NOT NULL,
  `year` year NOT NULL,
  PRIMARY KEY (`language`,`year`),
  CONSTRAINT `languageexperience_ibfk_1` FOREIGN KEY (`language`) REFERENCES `languages` (`name`)
) ENGINE=InnoDB DEFAULT CHARSET=utf8mb4 COLLATE=utf8mb4_0900_ai_ci;
/*!40101 SET character_set_client = @saved_cs_client */;

--
-- Dumping data for table `languageExperience`
--

LOCK TABLES `languageExperience` WRITE;
/*!40000 ALTER TABLE `languageExperience` DISABLE KEYS */;
/*!40000 ALTER TABLE `languageExperience` ENABLE KEYS */;
UNLOCK TABLES;

--
-- Table structure for table `languages`
--

DROP TABLE IF EXISTS `languages`;
/*!40101 SET @saved_cs_client     = @@character_set_client */;
/*!50503 SET character_set_client = utf8mb4 */;
CREATE TABLE `languages` (
  `name` varchar(32) NOT NULL,
  `icon` text,
  `whiteBackground` tinyint unsigned DEFAULT '0',
  PRIMARY KEY (`name`)
) ENGINE=InnoDB DEFAULT CHARSET=utf8mb4 COLLATE=utf8mb4_0900_ai_ci;
/*!40101 SET character_set_client = @saved_cs_client */;

--
-- Dumping data for table `languages`
--

LOCK TABLES `languages` WRITE;
/*!40000 ALTER TABLE `languages` DISABLE KEYS */;
INSERT INTO `languages` VALUES ('AWS','<svg viewBox=\"0 0 128 128\"><path fill=\"#F7A80D\" d=\"M38.089 77.466l-11.4 4.896 10.559 4.514 12.241-4.514-11.4-4.896zm-17.138 6.12l-.382 22.034 16.679 7.345V90.089l-16.297-6.503zm34.276 0l-15.073 5.739V110.9l15.073-6.121V83.586zm17.979-68.551L61.73 19.931l10.635 4.515 12.241-4.515-11.4-4.896zm-15.914 6.503v22.034l14.231 4.132.459-20.046-14.69-6.12zm31.828 1.224L75.654 28.5v21.652l13.466-6.121V22.762zM19.306 46.047L7.907 50.944l10.558 4.514 12.241-4.514-11.4-4.897zM2.168 52.168l-.382 22.034 16.679 7.345V58.671L2.168 52.168zm34.275 0l-15.071 5.738V79.48l15.071-6.12V52.168zm19.587-6.937l-11.4 4.897 10.558 4.514 12.241-4.514-11.399-4.897zm-17.137 6.121l-.383 22.035 16.679 7.345V57.855l-16.296-6.503zm34.275 0L58.096 57.09v21.576l15.072-6.121V51.352zm35.908-36.317l-11.399 4.896 10.559 4.515 12.241-4.515-11.401-4.896zm-17.137 6.121l-.382 22.034 16.679 7.344V27.658l-16.297-6.502zm34.275 0l-15.071 5.738v21.575l15.071-6.12V21.156z\"></path></svg>',0),('C','<svg viewBox=\"0 0 128 128\"><path fill=\"#659AD3\" d=\"M115.4 30.7L67.1 2.9c-.8-.5-1.9-.7-3.1-.7-1.2 0-2.3.3-3.1.7l-48 27.9c-1.7 1-2.9 3.5-2.9 5.4v55.7c0 1.1.2 2.4 1 3.5l106.8-62c-.6-1.2-1.5-2.1-2.4-2.7z\"></path><path fill=\"#03599C\" d=\"M10.7 95.3c.5.8 1.2 1.5 1.9 1.9l48.2 27.9c.8.5 1.9.7 3.1.7 1.2 0 2.3-.3 3.1-.7l48-27.9c1.7-1 2.9-3.5 2.9-5.4V36.1c0-.9-.1-1.9-.6-2.8l-106.6 62z\"></path><path fill=\"#fff\" d=\"M85.3 76.1C81.1 83.5 73.1 88.5 64 88.5c-13.5 0-24.5-11-24.5-24.5s11-24.5 24.5-24.5c9.1 0 17.1 5 21.3 12.5l13-7.5c-6.8-11.9-19.6-20-34.3-20-21.8 0-39.5 17.7-39.5 39.5s17.7 39.5 39.5 39.5c14.6 0 27.4-8 34.2-19.8l-12.9-7.6z\"></path></svg>',0),('CSS','<svg viewBox=\"0 0 128 128\"><path fill=\"#1572B6\" d=\"M18.814 114.123L8.76 1.352h110.48l-10.064 112.754-45.243 12.543-45.119-12.526z\"></path><path fill=\"#33A9DC\" d=\"M64.001 117.062l36.559-10.136 8.601-96.354h-45.16v106.49z\"></path><path fill=\"#fff\" d=\"M64.001 51.429h18.302l1.264-14.163H64.001V23.435h34.682l-.332 3.711-3.4 38.114h-30.95V51.429z\"></path><path fill=\"#EBEBEB\" d=\"M64.083 87.349l-.061.018-15.403-4.159-.985-11.031H33.752l1.937 21.717 28.331 7.863.063-.018v-14.39z\"></path><path fill=\"#fff\" d=\"M81.127 64.675l-1.666 18.522-15.426 4.164v14.39l28.354-7.858.208-2.337 2.406-26.881H81.127z\"></path><path fill=\"#EBEBEB\" d=\"M64.048 23.435v13.831H30.64l-.277-3.108-.63-7.012-.331-3.711h34.646zm-.047 27.996v13.831H48.792l-.277-3.108-.631-7.012-.33-3.711h16.447z\"></path></svg>',0),('Docker','<svg viewBox=\"0 0 128 128\"><path fill-rule=\"evenodd\" clip-rule=\"evenodd\" fill=\"#3A4D54\" d=\"M73.8 50.8h11.3v11.5h5.7c2.6 0 5.3-.5 7.8-1.3 1.2-.4 2.6-1 3.8-1.7-1.6-2.1-2.4-4.7-2.6-7.3-.3-3.5.4-8.1 2.8-10.8l1.2-1.4 1.4 1.1c3.6 2.9 6.5 6.8 7.1 11.4 4.3-1.3 9.3-1 13.1 1.2l1.5.9-.8 1.6c-3.2 6.2-9.9 8.2-16.4 7.8-9.8 24.3-31 35.8-56.8 35.8-13.3 0-25.5-5-32.5-16.8l-.1-.2-1-2.1c-2.4-5.2-3.1-10.9-2.6-16.6l.2-1.7h9.6V50.8h11.3V39.6h22.5V28.3h13.5v22.5z\"></path><path fill=\"#00AADA\" d=\"M110.4 55.1c.8-5.9-3.6-10.5-6.4-12.7-3.1 3.6-3.6 13.2 1.3 17.2-2.8 2.4-8.5 4.7-14.5 4.7H18.6c-.6 6.2.5 11.9 3 16.8l.8 1.5c.5.9 1.1 1.7 1.7 2.6 3 .2 5.7.3 8.2.2 4.9-.1 8.9-.7 12-1.7.5-.2.9.1 1.1.5.2.5-.1.9-.5 1.1-.4.1-.8.3-1.3.4-2.4.7-5 1.1-8.3 1.3h-.6c-1.3.1-2.7.1-4.2.1-1.6 0-3.1 0-4.9-.1 6 6.8 15.4 10.8 27.2 10.8 25 0 46.2-11.1 55.5-35.9 6.7.7 13.1-1 16-6.7-4.5-2.7-10.5-1.8-13.9-.1z\"></path><path fill=\"#28B8EB\" d=\"M110.4 55.1c.8-5.9-3.6-10.5-6.4-12.7-3.1 3.6-3.6 13.2 1.3 17.2-2.8 2.4-8.5 4.7-14.5 4.7h-68c-.3 9.5 3.2 16.7 9.5 21 4.9-.1 8.9-.7 12-1.7.5-.2.9.1 1.1.5.2.5-.1.9-.5 1.1-.4.1-.8.3-1.3.4-2.4.7-5.2 1.2-8.5 1.4l-.1-.1c8.5 4.4 20.8 4.3 35-1.1 15.8-6.1 30.6-17.7 40.9-30.9-.2.1-.4.1-.5.2z\"></path><path fill=\"#028BB8\" d=\"M18.7 71.8c.4 3.3 1.4 6.4 2.9 9.3l.8 1.5c.5.9 1.1 1.7 1.7 2.6 3 .2 5.7.3 8.2.2 4.9-.1 8.9-.7 12-1.7.5-.2.9.1 1.1.5.2.5-.1.9-.5 1.1-.4.1-.8.3-1.3.4-2.4.7-5.2 1.2-8.5 1.4h-.4c-1.3.1-2.7.1-4.1.1-1.6 0-3.2 0-4.9-.1 6 6.8 15.5 10.8 27.3 10.8 21.4 0 40-8.1 50.8-26H18.7v-.1z\"></path><path fill=\"#019BC6\" d=\"M23.5 71.8c1.3 5.8 4.3 10.4 8.8 13.5 4.9-.1 8.9-.7 12-1.7.5-.2.9.1 1.1.5.2.5-.1.9-.5 1.1-.4.1-.8.3-1.3.4-2.4.7-5.2 1.2-8.6 1.4 8.5 4.4 20.8 4.3 34.9-1.1 8.5-3.3 16.8-8.2 24.2-14.1H23.5z\"></path><path fill-rule=\"evenodd\" clip-rule=\"evenodd\" fill=\"#00ACD3\" d=\"M28.4 52.7h9.8v9.8h-9.8v-9.8zm.8.8h.8v8.1h-.8v-8.1zm1.4 0h.8v8.1h-.8v-8.1zm1.5 0h.8v8.1h-.8v-8.1zm1.5 0h.8v8.1h-.8v-8.1zm1.5 0h.8v8.1h-.8v-8.1zm1.5 0h.8v8.1h-.8v-8.1zm3-12h9.8v9.8h-9.8v-9.8zm.9.8h.8v8.1h-.8v-8.1zm1.4 0h.8v8.1h-.8v-8.1zm1.5 0h.8v8.1h-.8v-8.1zm1.5 0h.8v8.1h-.8v-8.1zm1.4 0h.8v8.1h-.8v-8.1zm1.5 0h.8v8.1h-.8v-8.1z\"></path><path fill-rule=\"evenodd\" clip-rule=\"evenodd\" fill=\"#23C2EE\" d=\"M39.6 52.7h9.8v9.8h-9.8v-9.8zm.9.8h.8v8.1h-.8v-8.1zm1.4 0h.8v8.1h-.8v-8.1zm1.5 0h.8v8.1h-.8v-8.1zm1.5 0h.8v8.1h-.8v-8.1zm1.4 0h.8v8.1h-.8v-8.1zm1.5 0h.8v8.1h-.8v-8.1z\"></path><path fill-rule=\"evenodd\" clip-rule=\"evenodd\" fill=\"#00ACD3\" d=\"M50.9 52.7h9.8v9.8h-9.8v-9.8zm.8.8h.8v8.1h-.8v-8.1zm1.5 0h.8v8.1h-.8v-8.1zm1.5 0h.8v8.1h-.8v-8.1zm1.4 0h.8v8.1h-.8v-8.1zm1.5 0h.8v8.1h-.8v-8.1zm1.5 0h.8v8.1h-.8v-8.1z\"></path><path fill-rule=\"evenodd\" clip-rule=\"evenodd\" fill=\"#23C2EE\" d=\"M50.9 41.5h9.8v9.8h-9.8v-9.8zm.8.8h.8v8.1h-.8v-8.1zm1.5 0h.8v8.1h-.8v-8.1zm1.5 0h.8v8.1h-.8v-8.1zm1.4 0h.8v8.1h-.8v-8.1zm1.5 0h.8v8.1h-.8v-8.1zm1.5 0h.8v8.1h-.8v-8.1zm3.1 10.4H72v9.8h-9.8v-9.8zm.8.8h.8v8.1H63v-8.1zm1.5 0h.8v8.1h-.8v-8.1zm1.4 0h.8v8.1h-.8v-8.1zm1.5 0h.8v8.1h-.8v-8.1zm1.5 0h.8v8.1h-.8v-8.1zm1.5 0h.8v8.1h-.8v-8.1z\"></path><path fill-rule=\"evenodd\" clip-rule=\"evenodd\" fill=\"#00ACD3\" d=\"M62.2 41.5H72v9.8h-9.8v-9.8zm.8.8h.8v8.1H63v-8.1zm1.5 0h.8v8.1h-.8v-8.1zm1.4 0h.8v8.1h-.8v-8.1zm1.5 0h.8v8.1h-.8v-8.1zm1.5 0h.8v8.1h-.8v-8.1zm1.5 0h.8v8.1h-.8v-8.1z\"></path><path fill-rule=\"evenodd\" clip-rule=\"evenodd\" fill=\"#23C2EE\" d=\"M62.2 30.2H72V40h-9.8v-9.8zm.8.8h.8v8.1H63V31zm1.5 0h.8v8.1h-.8V31zm1.4 0h.8v8.1h-.8V31zm1.5 0h.8v8.1h-.8V31zm1.5 0h.8v8.1h-.8V31zm1.5 0h.8v8.1h-.8V31z\"></path><path fill-rule=\"evenodd\" clip-rule=\"evenodd\" fill=\"#00ACD3\" d=\"M73.5 52.7h9.8v9.8h-9.8v-9.8zm.8.8h.8v8.1h-.8v-8.1zm1.4 0h.8v8.1h-.8v-8.1zm1.5 0h.8v8.1h-.8v-8.1zm1.5 0h.8v8.1h-.8v-8.1zm1.5 0h.8v8.1h-.8v-8.1zm1.5 0h.8v8.1h-.8v-8.1z\"></path><path fill-rule=\"evenodd\" clip-rule=\"evenodd\" fill=\"#D4EEF1\" d=\"M48.8 78.3c1.5 0 2.7 1.2 2.7 2.7 0 1.5-1.2 2.7-2.7 2.7-1.5 0-2.7-1.2-2.7-2.7 0-1.5 1.2-2.7 2.7-2.7\"></path><path fill-rule=\"evenodd\" clip-rule=\"evenodd\" fill=\"#3A4D54\" d=\"M48.8 79.1c.2 0 .5 0 .7.1-.2.1-.4.4-.4.7 0 .4.4.8.8.8.3 0 .6-.2.7-.4.1.2.1.5.1.7 0 1.1-.9 1.9-1.9 1.9-1.1 0-1.9-.9-1.9-1.9 0-1 .8-1.9 1.9-1.9M1.1 72.8h125.4c-2.7-.7-8.6-1.6-7.7-5.2-5 5.7-16.9 4-20 1.2-3.4 4.9-23 3-24.3-.8-4.2 5-17.3 5-21.5 0-1.4 3.8-21 5.7-24.3.8-3 2.8-15 4.5-20-1.2 1.1 3.5-4.9 4.5-7.6 5.2\"></path><path fill=\"#BFDBE0\" d=\"M56 97.8c-6.7-3.2-10.3-7.5-12.4-12.2-2.5.7-5.5 1.2-8.9 1.4-1.3.1-2.7.1-4.1.1-1.7 0-3.4 0-5.2-.1 6 6 13.6 10.7 27.5 10.8H56z\"></path><path fill=\"#D4EEF1\" d=\"M46.1 89.9c-.9-1.3-1.8-2.8-2.5-4.3-2.5.7-5.5 1.2-8.9 1.4 2.3 1.2 5.7 2.4 11.4 2.9z\"></path></svg>',1),('Express','<svg viewBox=\"0 0 128 128\"><path d=\"M126.67 98.44c-4.56 1.16-7.38.05-9.91-3.75-5.68-8.51-11.95-16.63-18-24.9-.78-1.07-1.59-2.12-2.6-3.45C89 76 81.85 85.2 75.14 94.77c-2.4 3.42-4.92 4.91-9.4 3.7l26.92-36.13L67.6 29.71c4.31-.84 7.29-.41 9.93 3.45 5.83 8.52 12.26 16.63 18.67 25.21 6.45-8.55 12.8-16.67 18.8-25.11 2.41-3.42 5-4.72 9.33-3.46-3.28 4.35-6.49 8.63-9.72 12.88-4.36 5.73-8.64 11.53-13.16 17.14-1.61 2-1.35 3.3.09 5.19C109.9 76 118.16 87.1 126.67 98.44zM1.33 61.74c.72-3.61 1.2-7.29 2.2-10.83 6-21.43 30.6-30.34 47.5-17.06C60.93 41.64 63.39 52.62 62.9 65H7.1c-.84 22.21 15.15 35.62 35.53 28.78 7.15-2.4 11.36-8 13.47-15 1.07-3.51 2.84-4.06 6.14-3.06-1.69 8.76-5.52 16.08-13.52 20.66-12 6.86-29.13 4.64-38.14-4.89C5.26 85.89 3 78.92 2 71.39c-.15-1.2-.46-2.38-.7-3.57q.03-3.04.03-6.08zm5.87-1.49h50.43c-.33-16.06-10.33-27.47-24-27.57-15-.12-25.78 11.02-26.43 27.57z\"></path></svg>',1),('Git','<svg viewBox=\"0 0 128 128\"><path fill=\"#F34F29\" d=\"M124.737 58.378L69.621 3.264c-3.172-3.174-8.32-3.174-11.497 0L46.68 14.71l14.518 14.518c3.375-1.139 7.243-.375 9.932 2.314 2.703 2.706 3.461 6.607 2.294 9.993l13.992 13.993c3.385-1.167 7.292-.413 9.994 2.295 3.78 3.777 3.78 9.9 0 13.679a9.673 9.673 0 01-13.683 0 9.677 9.677 0 01-2.105-10.521L68.574 47.933l-.002 34.341a9.708 9.708 0 012.559 1.828c3.778 3.777 3.778 9.898 0 13.683-3.779 3.777-9.904 3.777-13.679 0-3.778-3.784-3.778-9.905 0-13.683a9.65 9.65 0 013.167-2.11V47.333a9.581 9.581 0 01-3.167-2.111c-2.862-2.86-3.551-7.06-2.083-10.576L41.056 20.333 3.264 58.123a8.133 8.133 0 000 11.5l55.117 55.114c3.174 3.174 8.32 3.174 11.499 0l54.858-54.858a8.135 8.135 0 00-.001-11.501z\"></path></svg>',0),('Golang','<svg viewBox=\"0 0 128 128\"><defs><path id=\"go-original-a\" d=\"M18.8 1h90.5v126H18.8z\"></path></defs><clipPath id=\"go-original-b\"><use xlink:href=\"#go-original-a\" overflow=\"visible\"></use></clipPath><path fill-rule=\"evenodd\" clip-rule=\"evenodd\" fill=\"#F6D2A2\" d=\"M21.1 68.7c.2 3.5 3.7 1.9 5.3.8 1.5-1.1 2-.2 2.1-2.3.1-1.4.2-2.7.2-4.1-2.3-.2-4.8.3-6.7 1.7-.9.7-2.8 3-.9 3.9\" clip-path=\"url(#go-original-b)\"></path><path d=\"M23 71.2c-.7 0-2-.3-2.2-2.3-.6-.4-.8-.9-.8-1.2-.1-1.2 1.2-2.6 1.9-3.1 1.6-1.2 3.7-1.8 5.9-1.8h1.3v.3c.1 1.1 0 2.2-.1 3.2 0 .3 0 .6-.1.9-.1 1.5-.4 1.7-1.1 2-.3.1-.6.2-1.1.6-.5.3-2.2 1.4-3.7 1.4zm4.8-7.8c-2.1 0-4 .6-5.5 1.7-.7.5-1.7 1.7-1.6 2.5 0 .3.2.6.6.8l.2.1v.2c.1 1.6.9 1.8 1.5 1.8 1 0 2.4-.7 3.3-1.3.6-.4 1-.5 1.3-.6.5-.2.6-.2.7-1.4 0-.3 0-.6.1-.9.1-.9.1-1.9.1-2.8-.3-.1-.5-.1-.7-.1z\" clip-path=\"url(#go-original-b)\"></path><path fill-rule=\"evenodd\" clip-rule=\"evenodd\" fill=\"#C6B198\" d=\"M21.1 68.7c.5-.2 1.1-.3 1.4-.8\" clip-path=\"url(#go-original-b)\"></path><path d=\"M21.1 69c-.1 0-.3-.1-.3-.2-.1-.2 0-.4.2-.4.1 0 .2-.1.2-.1.4-.2.8-.3 1-.6.1-.1.3-.2.5-.1.1.1.2.3.1.5-.4.5-.9.7-1.3.8l-.2.1h-.2z\" clip-path=\"url(#go-original-b)\"></path><path fill-rule=\"evenodd\" clip-rule=\"evenodd\" fill=\"#6AD7E5\" d=\"M29.3 26.4c-13.6-3.8-3.5-21.1 7.4-14l-7.4 14z\" clip-path=\"url(#go-original-b)\"></path><path d=\"M29.5 26.8l-.3-.1c-7-2-6.9-7-6.7-8.5.5-3.8 4.1-7.8 8.9-7.8 1.9 0 3.7.6 5.5 1.8l.3.2-7.7 14.4zm1.9-15.7c-4.5 0-7.8 3.7-8.3 7.2-.5 3.6 1.7 6.4 6 7.7l7.1-13.5c-1.5-.9-3.1-1.4-4.8-1.4z\" clip-path=\"url(#go-original-b)\"></path><path fill-rule=\"evenodd\" clip-rule=\"evenodd\" fill=\"#6AD7E5\" d=\"M89.6 11.1c10.7-7.5 20.5 9.5 8 13.8l-8-13.8z\" clip-path=\"url(#go-original-b)\"></path><path d=\"M97.5 25.3L89.2 11l.3-.2c1.9-1.3 3.8-2 5.7-2 4.6 0 7.9 3.8 8.6 7.5.3 1.5.6 6.6-6 8.8l-.3.2zm-7.4-14l7.7 13.3c3.9-1.4 5.9-4.4 5.3-8-.6-3.4-3.7-6.9-7.9-6.9-1.7-.1-3.4.4-5.1 1.6z\" clip-path=\"url(#go-original-b)\"></path><path fill-rule=\"evenodd\" clip-rule=\"evenodd\" fill=\"#F6D2A2\" d=\"M92 112.3c2.7 1.7 7.7 6.8 3.6 9.3-3.9 3.6-6.1-4-9.6-5 1.5-2 3.4-3.9 6-4.3\" clip-path=\"url(#go-original-b)\"></path><path d=\"M93.5 122.9c-1.6 0-3-1.6-4.2-3.1-1.1-1.2-2.2-2.5-3.4-2.9l-.5-.1.3-.4c1.2-1.7 3.2-3.9 6.2-4.4h.1l.1.1c1.7 1.1 5.4 4.2 5.3 7.1 0 1.1-.6 2-1.7 2.7-.7.7-1.4 1-2.2 1zm-7-6.5c1.2.5 2.2 1.8 3.2 2.9 1.2 1.5 2.4 2.8 3.7 2.8.6 0 1.2-.3 1.8-.9h.1c.9-.6 1.4-1.3 1.4-2.2 0-2.3-2.9-5.2-4.9-6.5-1.8.5-3.6 1.7-5.3 3.9zm9.1 5.5c-.1 0-.2-.1-.3-.2-.2-.4-.4-.9-.5-1.3-.3-.8-.6-1.6-1.2-2.2-.1-.1-.1-.3 0-.5.1-.1.3-.1.5 0 .7.7 1.1 1.6 1.4 2.5l.5 1.2c.1.2 0 .4-.1.5h-.3z\" clip-path=\"url(#go-original-b)\"></path><path fill-rule=\"evenodd\" clip-rule=\"evenodd\" fill=\"#F6D2A2\" d=\"M43.2 118.1c-3.2.5-5 3.4-7.7 4.9-2.5 1.5-3.5-.5-3.7-.9-.4-.2-.4.2-1-.4-2.3-3.7 2.4-6.4 4.9-8.2 3.5-.8 5.7 2.2 7.5 4.6\" clip-path=\"url(#go-original-b)\"></path><path d=\"M33.8 123.8c-1.3 0-2-1.1-2.2-1.5h-.1c-.3 0-.5-.1-.9-.5v-.1c-2.2-3.5 1.6-6.2 4.1-8l.9-.6h.2c.4-.1.7-.1 1.1-.1 3 0 4.9 2.6 6.5 4.7l.5.7-.6.1c-1.9.3-3.3 1.5-4.7 2.7-.9.8-1.8 1.5-2.8 2.1-.8.3-1.4.5-2 .5zm-2.2-2.1c.1 0 .2 0 .4.1h.1l.1.1c.2.3.7 1.2 1.7 1.2.5 0 1-.2 1.5-.5 1-.5 1.9-1.3 2.7-2 1.3-1.1 2.7-2.3 4.5-2.8-1.5-2-3.3-4.2-5.8-4.2-.3 0-.6 0-.9.1l-.8.6c-2.6 1.8-5.8 4.1-3.9 7.1.1.2.2.3.4.3zm.2.7c-.2 0-.4-.2-.3-.4.1-1 .6-1.7 1.1-2.5.3-.4.5-.8.7-1.2.1-.2.3-.2.4-.2.2.1.2.3.2.4-.2.5-.5.9-.8 1.3-.5.7-.9 1.3-1 2.1 0 .4-.1.5-.3.5z\" clip-path=\"url(#go-original-b)\"></path><path fill-rule=\"evenodd\" clip-rule=\"evenodd\" d=\"M29.9 21.7c-1.8-.9-3.1-2.2-2-4.3 1-1.9 2.9-1.7 4.7-.8l-2.7 5.1zm64.9-1.8c1.8-.9 3.1-2.2 2-4.3-1-1.9-2.9-1.7-4.7-.8l2.7 5.1z\" clip-path=\"url(#go-original-b)\"></path><path fill-rule=\"evenodd\" clip-rule=\"evenodd\" fill=\"#F6D2A2\" d=\"M107.1 68.2c-.2 3.5-3.7 1.9-5.3.8-1.5-1.1-2-.2-2.1-2.3-.1-1.4-.2-2.7-.2-4.1 2.3-.2 4.8.3 6.7 1.7 1 .8 2.8 3 .9 3.9\" clip-path=\"url(#go-original-b)\"></path><path d=\"M105.3 70.7c-1.5 0-3.2-1.1-3.7-1.4-.5-.3-.8-.5-1.1-.6-.8-.3-1-.5-1.1-2 0-.3 0-.6-.1-.9-.1-1-.2-2.1-.1-3.2v-.3h1.3c2.2 0 4.3.6 5.9 1.8.7.5 2 1.9 1.9 3.1 0 .4-.2.9-.8 1.2-.2 2-1.5 2.3-2.2 2.3zM99.8 63c0 .9 0 1.9.1 2.8 0 .3 0 .6.1.9.1 1.2.2 1.2.7 1.4.3.1.7.3 1.3.6.9.6 2.3 1.3 3.3 1.3.6 0 1.4-.2 1.5-1.8V68l.2-.1c.4-.2.6-.4.6-.8.1-.8-.9-2-1.6-2.5-1.5-1.1-3.5-1.7-5.5-1.7-.2.1-.4.1-.7.1z\" clip-path=\"url(#go-original-b)\"></path><path fill-rule=\"evenodd\" clip-rule=\"evenodd\" fill=\"#C6B198\" d=\"M107.1 68.2c-.5-.2-1.1-.3-1.4-.8\" clip-path=\"url(#go-original-b)\"></path><path d=\"M107.1 68.6h-.1l-.2-.1c-.5-.2-1-.3-1.3-.8-.1-.1-.1-.4.1-.5.1-.1.4-.1.5.1.2.3.6.4 1 .6.1 0 .2.1.2.1.2.1.3.3.2.4-.1.1-.3.2-.4.2z\" clip-path=\"url(#go-original-b)\"></path><path fill-rule=\"evenodd\" clip-rule=\"evenodd\" fill=\"#6AD7E5\" d=\"M62.8 4c13.6 0 26.3 1.9 33 15 6 14.6 3.8 30.4 4.8 45.9.8 13.3 2.5 28.6-3.6 40.9-6.5 12.9-22.7 16.2-36 15.7-10.5-.4-23.1-3.8-29.1-13.4-6.9-11.2-3.7-27.9-3.2-40.4.6-14.8-4-29.7.9-44.1C34.5 8.5 48.1 5.1 62.8 4\" clip-path=\"url(#go-original-b)\"></path><path d=\"M63.3 121.9h-2.5c-4.1-.1-10.3-.8-16.4-3.3-5.9-2.4-10.2-5.8-13-10.3-5.6-9.1-4.6-21.6-3.7-32.7.2-2.8.4-5.4.5-7.9.2-5.2-.2-10.6-.7-15.7-.8-9.4-1.6-19.1 1.5-28.5 2.4-7 6.7-12 13.2-15.2 5.1-2.5 11.4-3.9 20.4-4.6C76 3.6 89.3 5.5 96 18.8c4.4 10.7 4.4 22.2 4.5 33.3 0 4.2 0 8.5.3 12.7.1 1.3.2 2.6.2 3.9.8 12.2 1.7 26-3.9 37.2-2.8 5.7-7.7 9.9-14.4 12.6-5.4 2.2-12.2 3.4-19.4 3.4zM62.8 4.3c-14.1 1.1-27.9 4.2-33 19.4-3.1 9.3-2.3 18.9-1.5 28.2.4 5.2.9 10.5.7 15.8-.1 2.5-.3 5.1-.5 7.9-.9 11-1.9 23.4 3.6 32.3 2.3 3.7 9.7 12.5 28.8 13.2h2.5c22.1 0 30.3-9.8 33.3-15.6 5.5-11 4.6-24.8 3.9-36.9-.1-1.3-.2-2.6-.2-3.9-.2-4.2-.3-8.5-.3-12.7-.1-11-.1-22.5-4.4-33.1C92.7 13 88.2 9 82 6.7c-6.4-2.1-13.6-2.4-19.2-2.4z\" clip-path=\"url(#go-original-b)\"></path><path fill-rule=\"evenodd\" clip-rule=\"evenodd\" fill=\"#fff\" d=\"M65.2 22.2c2.4 14.2 25.6 10.4 22.3-3.9-3-12.8-23.1-9.2-22.3 3.9\" clip-path=\"url(#go-original-b)\"></path><path d=\"M76.2 31.5c-4.5 0-10.2-2.4-11.4-9.2-.2-3.2.8-6.1 2.9-8.3 2.3-2.5 5.8-3.9 9.4-3.9 4.2 0 9.2 2.2 10.6 8.3.8 3.4.2 6.4-1.7 8.8-2.1 2.6-5.8 4.3-9.8 4.3zm-10.7-9.3c.5 2.8 1.8 5 3.9 6.6 1.8 1.4 4.3 2.1 6.8 2.1 3.7 0 7.3-1.6 9.3-4.1 1.8-2.2 2.3-5.1 1.6-8.3-1.3-5.7-6-7.7-10-7.7-3.4 0-6.7 1.4-8.9 3.7-1.9 2-2.9 4.7-2.7 7.7z\" clip-path=\"url(#go-original-b)\"></path><path fill-rule=\"evenodd\" clip-rule=\"evenodd\" fill=\"#fff\" d=\"M37.5 24.5c3.2 12.3 22.9 9.2 22.2-3.2-.9-14.8-25.3-12-22.2 3.2\" clip-path=\"url(#go-original-b)\"></path><path d=\"M48 32.7c-4.3 0-9.3-2.1-10.9-8.1-.7-3.5 0-6.7 2-9.1 2.2-2.7 5.8-4.3 9.7-4.3 5.2 0 10.7 3.1 11.1 10.1.2 2.9-.7 5.5-2.7 7.6-2.1 2.3-5.6 3.8-9.2 3.8zm.8-20.8c-3.7 0-7.1 1.5-9.2 4-1.9 2.3-2.5 5.2-1.8 8.5C39.2 30 44 32 48 32c3.4 0 6.7-1.3 8.8-3.6 1.8-1.9 2.7-4.4 2.5-7.1-.2-4.3-3.1-9.4-10.5-9.4z\" clip-path=\"url(#go-original-b)\"></path><path fill-rule=\"evenodd\" clip-rule=\"evenodd\" fill=\"#fff\" d=\"M68 39.2c0 1.8.4 3.9.1 5.9-.5.9-1.4 1-2.2 1.3-1.1-.2-2-.9-2.5-1.9-.3-2.2.1-4.4.2-6.6l4.4 1.3z\" clip-path=\"url(#go-original-b)\"></path><path d=\"M65.9 46.8c-1.3-.2-2.3-1-2.8-2.1-.2-1.6-.1-3.1 0-4.6.1-.7.1-1.4.1-2.1v-.4l5.1 1.6v.2c0 .6.1 1.2.1 1.9.1 1.3.2 2.7 0 4v.1c-.4.8-1.1 1-1.8 1.3-.2-.1-.4 0-.7.1zm-2.2-2.4c.4.9 1.2 1.5 2.1 1.7.2-.1.4-.1.5-.2.6-.2 1.1-.4 1.4-.9.2-1.2.1-2.5 0-3.8 0-.6-.1-1.2-.1-1.7l-3.8-1.2c0 .6-.1 1.2-.1 1.7-.1 1.6-.2 3 0 4.4z\" clip-path=\"url(#go-original-b)\"></path><path fill-rule=\"evenodd\" clip-rule=\"evenodd\" d=\"M46.3 22.5c0 2-1.5 3.6-3.3 3.6-1.8 0-3.3-1.6-3.3-3.6s1.5-3.6 3.3-3.6c1.8 0 3.3 1.6 3.3 3.6\" clip-path=\"url(#go-original-b)\"></path><path fill-rule=\"evenodd\" clip-rule=\"evenodd\" fill=\"#fff\" d=\"M45.2 23.3c0 .5-.4.9-.8.9s-.8-.4-.8-.9.4-.9.8-.9c.5 0 .8.4.8.9\" clip-path=\"url(#go-original-b)\"></path><path fill-rule=\"evenodd\" clip-rule=\"evenodd\" d=\"M74.2 21.6c0 2-1.5 3.6-3.3 3.6-1.8 0-3.3-1.6-3.3-3.6s1.5-3.6 3.3-3.6c1.8 0 3.3 1.6 3.3 3.6\" clip-path=\"url(#go-original-b)\"></path><path fill-rule=\"evenodd\" clip-rule=\"evenodd\" fill=\"#fff\" d=\"M73.2 22.4c0 .5-.3.9-.8.9-.4 0-.8-.4-.8-.9s.3-.9.8-.9c.4 0 .8.4.8.9M58.4 39c-1.5 3.5.8 10.6 4.8 5.4-.3-2.2.1-4.4.2-6.6l-5 1.2z\" clip-path=\"url(#go-original-b)\"></path><path d=\"M60.5 46.6c-.7 0-1.4-.4-1.9-1.2-1.1-1.6-1.3-4.6-.5-6.5l.1-.2 5.5-1.4v.4l-.1 2.2c-.1 1.5-.2 2.9 0 4.4v.1l-.1.1c-1 1.4-2 2.1-3 2.1zm-1.8-7.3c-.6 1.7-.4 4.4.5 5.7.4.6.8.9 1.3.9.7 0 1.5-.6 2.3-1.6-.2-1.5-.1-3 .1-4.4l.1-1.7-4.3 1.1z\" clip-path=\"url(#go-original-b)\"></path><path fill-rule=\"evenodd\" clip-rule=\"evenodd\" fill=\"#F6D2A2\" d=\"M58.9 32.2c-2.7.2-4.9 3.5-3.5 6 1.9 3.4 6-.3 8.6 0 3 .1 5.4 3.2 7.8.6 2.7-2.9-1.2-5.7-4.1-7l-8.8.4z\" clip-path=\"url(#go-original-b)\"></path><path fill=\"#231F20\" d=\"M69.7 40.2c-.9 0-1.8-.4-2.7-.8-.9-.4-1.9-.8-3-.8h-.3c-.8 0-1.7.3-2.7.7-1.1.4-2.2.7-3.2.7-1.2 0-2.1-.5-2.7-1.6-.7-1.2-.6-2.6.1-3.9.8-1.5 2.2-2.4 3.7-2.6l8.9-.4h.1c2.2.9 4.7 2.6 5.2 4.6.2 1-.1 2-.9 2.9-.8.9-1.6 1.2-2.5 1.2zM64.1 38c1.1 0 2.2.5 3.2.9.9.4 1.7.7 2.5.7.7 0 1.3-.3 1.9-.9.7-.7.9-1.5.8-2.3-.4-1.7-2.8-3.3-4.7-4.1l-8.7.4c-1.3.1-2.5 1-3.2 2.2-.6 1.1-.6 2.3-.1 3.3.5.9 1.1 1.3 2.1 1.3.9 0 1.9-.4 2.9-.7 1.1-.4 2-.7 3-.7 0-.2.1-.2.3-.1z\" clip-path=\"url(#go-original-b)\"></path><path fill-rule=\"evenodd\" clip-rule=\"evenodd\" d=\"M58.6 32.1c-.2-4.7 8.8-5.3 9.8-1.4 1.1 4-9.4 4.9-9.8 1.4\" clip-path=\"url(#go-original-b)\"></path></svg>',0),('gRPC','<svg xmlns=\"http://www.w3.org/2000/svg\" role=\"img\" viewBox=\"-5.22 -4.97 401.18 171.93\"><defs><clipPath id=\"clip-path\"><path d=\"M10.366 10.745h37.821v37.821H10.366z\" class=\"cls-1\" transform=\"rotate(-135.213 29.277 29.656)\"/></clipPath><clipPath id=\"clip-path-2\"><path d=\"M91.267 18.248h22.184v22.184H91.267z\" class=\"cls-1\" transform=\"rotate(-135.213 102.36 29.34)\"/></clipPath><style>.cls-1{fill:none}.cls-2{fill:#244b5a}.cls-4{fill:#75caca}.cls-5{fill:#74cbca}.cls-6{fill:#73cbca}.cls-7{fill:#72c9c9}.cls-8{fill:#70caca}.cls-9{fill:#6fcac8}.cls-10{fill:#6ec8c8}.cls-11{fill:#6cc9c9}.cls-12{fill:#6dc9c8}.cls-13{fill:#69c7c8}.cls-14{fill:#69c8c7}.cls-15{fill:#68c8c7}.cls-16{fill:#67c7c7}.cls-17{fill:#65c7c7}.cls-18{fill:#64c7c7}.cls-19{fill:#63c6c6}.cls-20{fill:#60c6c6}.cls-21{fill:#60c6c5}.cls-22{fill:#5fc6c5}.cls-23{fill:#5cc5c4}.cls-24{fill:#5ac5c4}.cls-25{fill:#57c4c4}.cls-26{fill:#58c4c3}.cls-27{fill:#55c4c3}.cls-28{fill:#53c3c2}.cls-29{fill:#52c3c2}.cls-30{fill:#50c3c2}.cls-31{fill:#50c1c0}.cls-34{fill:#47c1be}.cls-35{fill:#46c0be}.cls-36{fill:#43c0be}.cls-37{fill:#40bfbd}.cls-38{fill:#3bbfbd}.cls-39{fill:#39bfbc}.cls-40{fill:#34bebd}.cls-41{fill:#32bebb}.cls-42{fill:#2dbdbb}.cls-43{fill:#24bcbb}.cls-44{fill:#21bcb9}.cls-45{fill:#18bbb9}.cls-47{fill:#03bbb8}.cls-48{fill:#06b8b6}.cls-49{fill:#03b7b5}.cls-50{fill:#04b7b4}.cls-51{fill:#00b6b5}.cls-52{fill:#03b6b4}.cls-53{fill:#05b6b2}.cls-54{fill:#01b5b1}.cls-55{fill:#00b4b1}.cls-56{fill:#00b3b0}.cls-62{fill:#00afac}</style></defs><path d=\"M45.253 138.483a30.334 30.334 0 0 0 10.868 8.998 32.577 32.577 0 0 0 14.9 3.382 32.006 32.006 0 0 0 12.236-2.087 21.24 21.24 0 0 0 8.133-5.686 21.932 21.932 0 0 0 4.463-8.422 37.613 37.613 0 0 0 1.367-10.292v-12.092h-.287a25.962 25.962 0 0 1-11.23 9.789 34.639 34.639 0 0 1-13.963 2.879 36.317 36.317 0 0 1-13.747-2.591 34.968 34.968 0 0 1-11.157-7.126 32.786 32.786 0 0 1-7.486-10.87 34.108 34.108 0 0 1-2.735-13.675 35.774 35.774 0 0 1 2.592-13.676 35.154 35.154 0 0 1 7.125-11.084 32.14 32.14 0 0 1 10.797-7.414 34.782 34.782 0 0 1 13.748-2.663 38.444 38.444 0 0 1 6.405.575 30.334 30.334 0 0 1 6.766 2.016A31.168 31.168 0 0 1 96.933 68.81h.287V57.58h9.502v66.796a54.197 54.197 0 0 1-1.368 11.66 28.801 28.801 0 0 1-5.326 11.372 30.33 30.33 0 0 1-11.013 8.639Q81.96 159.5 70.588 159.5a46.283 46.283 0 0 1-17.994-3.31A41.82 41.82 0 0 1 38.2 145.97zm1.727-48.08a25.794 25.794 0 0 0 1.944 10.004 26.282 26.282 0 0 0 5.325 8.205 25.756 25.756 0 0 0 7.918 5.615 23.299 23.299 0 0 0 9.861 2.087 26.407 26.407 0 0 0 18.138-7.125 22.934 22.934 0 0 0 5.543-8.135 26.201 26.201 0 0 0 1.8-10.651 28.66 28.66 0 0 0-1.728-10.006 24.031 24.031 0 0 0-5.039-8.205 24.348 24.348 0 0 0-8.061-5.614 26.241 26.241 0 0 0-10.653-2.088 23.32 23.32 0 0 0-9.861 2.088 25.827 25.827 0 0 0-7.918 5.614 26.34 26.34 0 0 0-5.326 8.205 25.814 25.814 0 0 0-1.943 10.006zm98.464 34.549H135.08V23.03h31.382q15.547 0 24.544 6.766 8.996 6.768 8.998 20.442a25.469 25.469 0 0 1-6.694 17.922q-6.695 7.271-19.362 8.421l29.367 48.37h-12.669L162.72 77.59h-17.275zm0-56.863h18.427a41.42 41.42 0 0 0 11.732-1.44 21.788 21.788 0 0 0 7.702-3.814 13.93 13.93 0 0 0 4.174-5.614 18.629 18.629 0 0 0 1.296-6.983 18.249 18.249 0 0 0-1.296-6.837 14.487 14.487 0 0 0-4.174-5.687 20.36 20.36 0 0 0-7.702-3.815 43.562 43.562 0 0 0-11.732-1.367h-18.427zm75.719-45.059h29.656q15.546 0 24.543 6.767 8.996 6.768 8.998 20.442 0 13.678-8.998 20.513-8.997 6.839-24.543 6.838h-19.29v47.362h-10.366zm10.367 45.06h16.699a41.431 41.431 0 0 0 11.732-1.44 21.8 21.8 0 0 0 7.702-3.814 13.936 13.936 0 0 0 4.174-5.614 18.614 18.614 0 0 0 1.296-6.983 18.234 18.234 0 0 0-1.296-6.837 14.492 14.492 0 0 0-4.174-5.687 20.371 20.371 0 0 0-7.702-3.815 43.573 43.573 0 0 0-11.732-1.367h-16.7zm156.907 40.739a39.53 39.53 0 0 1-6.404 7.342 40.488 40.488 0 0 1-8.71 5.973 49.675 49.675 0 0 1-10.58 3.96 48.89 48.89 0 0 1-12.022 1.439 54.522 54.522 0 0 1-21.088-4.03 50.592 50.592 0 0 1-28-28.072 55.779 55.779 0 0 1-4.03-21.45 55.783 55.783 0 0 1 4.03-21.45 50.586 50.586 0 0 1 28-28.07 54.509 54.509 0 0 1 21.088-4.031 51.525 51.525 0 0 1 19.003 3.742 38.33 38.33 0 0 1 16.266 12.381l-9.068 6.766a24.816 24.816 0 0 0-4.32-4.895 31.532 31.532 0 0 0-6.26-4.318 39.092 39.092 0 0 0-7.559-3.023 29.242 29.242 0 0 0-8.062-1.152 41.345 41.345 0 0 0-17.562 3.599 39.885 39.885 0 0 0-13.171 9.644 42.43 42.43 0 0 0-8.279 14.037 50.29 50.29 0 0 0 0 33.54 42.411 42.411 0 0 0 8.279 14.036 39.836 39.836 0 0 0 13.171 9.645 41.301 41.301 0 0 0 17.562 3.6 44.503 44.503 0 0 0 7.99-.72 33.184 33.184 0 0 0 7.774-2.447 29.415 29.415 0 0 0 7.198-4.68 34.692 34.692 0 0 0 6.261-7.412z\" class=\"cls-2\"/><g clip-path=\"url(#clip-path)\"><path d=\"M3.006 2.913l-.473 4.188V2.913h.473z\" class=\"cls-4\"/><path d=\"M3.632 2.913l-1.099 9.722V7.101l.473-4.188h.626z\" class=\"cls-5\"/><path d=\"M4.257 2.913L2.533 18.168v-5.533l1.099-9.722h.625z\" class=\"cls-5\"/><path d=\"M4.882 2.913L2.533 23.702v-5.534L4.257 2.913h.625z\" class=\"cls-6\"/><path d=\"M5.507 2.913L2.533 29.236v-5.534L4.882 2.913h.625z\" class=\"cls-6\"/><path d=\"M6.133 2.913l-3.6 31.857v-5.534L5.507 2.913h.626zm.625 0l-4.225 37.39V34.77l3.6-31.857h.625z\" class=\"cls-7\"/><path d=\"M7.383 2.913l-4.85 42.924v-5.534l4.225-37.39h.625z\" class=\"cls-8\"/><path d=\"M8.008 2.913L2.533 51.371v-5.534l4.85-42.924h.625z\" class=\"cls-8\"/><path d=\"M8.634 2.913l-6.04 53.454-.061-.007v-4.989L8.008 2.913h.626z\" class=\"cls-9\"/><path d=\"M9.259 2.913L3.215 56.4h-.331l-.29-.033 6.04-53.454h.625z\" class=\"cls-10\"/><path d=\"M9.884 2.913L3.841 56.4h-.626L9.259 2.913h.625z\" class=\"cls-10\"/><path d=\"M10.51 2.913L4.466 56.4h-.625L9.884 2.913h.626z\" class=\"cls-11\"/><path d=\"M11.135 2.913L5.091 56.4h-.625L10.51 2.913h.625z\" class=\"cls-12\"/><path d=\"M11.76 2.913L5.717 56.4h-.626l6.044-53.487h.625z\" class=\"cls-13\"/><path d=\"M12.385 2.913L6.342 56.4h-.625L11.76 2.913h.625z\" class=\"cls-13\"/><path d=\"M13.011 2.913L6.967 56.4h-.625l6.043-53.487h.626z\" class=\"cls-14\"/><path d=\"M13.636 2.913L7.592 56.4h-.625l6.044-53.487h.625z\" class=\"cls-15\"/><path d=\"M14.261 2.913L8.218 56.4h-.626l6.044-53.487h.625z\" class=\"cls-16\"/><path d=\"M14.886 2.913L8.843 56.4h-.625l6.043-53.487h.625z\" class=\"cls-17\"/><path d=\"M15.512 2.913L9.468 56.4h-.625l6.043-53.487h.626z\" class=\"cls-18\"/><path d=\"M16.137 2.913L10.093 56.4h-.625l6.044-53.487h.625z\" class=\"cls-19\"/><path d=\"M16.762 2.913L10.719 56.4h-.626l6.044-53.487h.625z\" class=\"cls-20\"/><path d=\"M17.387 2.913L11.344 56.4h-.625l6.043-53.487h.625z\" class=\"cls-21\"/><path d=\"M18.013 2.913L11.969 56.4h-.625l6.043-53.487h.626z\" class=\"cls-22\"/><path d=\"M18.638 2.913L12.594 56.4h-.625l6.044-53.487h.625z\" class=\"cls-23\"/><path d=\"M19.263 2.913L13.22 56.4h-.626l6.044-53.487h.625z\" class=\"cls-24\"/><path d=\"M19.888 2.913L13.845 56.4h-.625l6.043-53.487h.625z\" class=\"cls-24\"/><path d=\"M20.514 2.913L14.47 56.4h-.625l6.043-53.487h.626z\" class=\"cls-25\"/><path d=\"M21.139 2.913L15.095 56.4h-.625l6.044-53.487h.625z\" class=\"cls-26\"/><path d=\"M21.764 2.913L15.721 56.4h-.626l6.044-53.487h.625z\" class=\"cls-27\"/><path d=\"M22.389 2.913L16.346 56.4h-.625l6.043-53.487h.625z\" class=\"cls-28\"/><path d=\"M23.015 2.913L16.971 56.4h-.625l6.043-53.487h.626z\" class=\"cls-29\"/><path d=\"M23.64 2.913L17.596 56.4h-.625l6.044-53.487h.625z\" class=\"cls-30\"/><path d=\"M24.265 2.913L18.222 56.4h-.626L23.64 2.913h.625z\" class=\"cls-31\"/><path fill=\"#4bc2c0\" d=\"M24.891 2.913L18.847 56.4h-.625l6.043-53.487h.626z\"/><path fill=\"#4cc1c0\" d=\"M25.516 2.913L19.472 56.4h-.625l6.044-53.487h.625z\"/><path d=\"M26.141 2.913L20.097 56.4h-.625l6.044-53.487h.625z\" class=\"cls-34\"/><path d=\"M26.766 2.913L20.723 56.4h-.626l6.044-53.487h.625z\" class=\"cls-35\"/><path d=\"M27.392 2.913L21.348 56.4h-.625l6.043-53.487h.626z\" class=\"cls-36\"/><path d=\"M28.017 2.913L21.973 56.4h-.625l6.044-53.487h.625z\" class=\"cls-37\"/><path d=\"M28.642 2.913L22.599 56.4h-.626l6.044-53.487h.625z\" class=\"cls-38\"/><path d=\"M29.267 2.913L23.224 56.4h-.625l6.043-53.487h.625z\" class=\"cls-39\"/><path d=\"M29.893 2.913L23.849 56.4h-.625l6.043-53.487h.626z\" class=\"cls-40\"/><path d=\"M30.518 2.913L24.474 56.4h-.625l6.044-53.487h.625z\" class=\"cls-41\"/><path d=\"M31.143 2.913L25.1 56.4h-.626l6.044-53.487h.625z\" class=\"cls-42\"/><path d=\"M31.768 2.913L25.725 56.4H25.1l6.043-53.487h.625z\" class=\"cls-43\"/><path d=\"M32.394 2.913L26.35 56.4h-.625l6.043-53.487h.626z\" class=\"cls-44\"/><path d=\"M33.019 2.913L26.975 56.4h-.625l6.044-53.487h.625z\" class=\"cls-45\"/><path fill=\"#0fbab9\" d=\"M33.644 2.913L27.601 56.4h-.626l6.044-53.487h.625z\"/><path d=\"M34.269 2.913L28.226 56.4h-.625l6.043-53.487h.625z\" class=\"cls-47\"/><path d=\"M34.895 2.913L28.851 56.4h-.625l6.043-53.487h.626z\" class=\"cls-48\"/><path d=\"M35.52 2.913L29.476 56.4h-.625l6.044-53.487h.625z\" class=\"cls-48\"/><path d=\"M36.145 2.913L30.102 56.4h-.626L35.52 2.913h.625z\" class=\"cls-49\"/><path d=\"M36.77 2.913L30.727 56.4h-.625l6.043-53.487h.625z\" class=\"cls-50\"/><path d=\"M37.396 2.913L31.352 56.4h-.625L36.77 2.913h.626z\" class=\"cls-51\"/><path d=\"M38.021 2.913L31.977 56.4h-.625l6.044-53.487h.625z\" class=\"cls-52\"/><path d=\"M38.646 2.913L32.603 56.4h-.626l6.044-53.487h.625z\" class=\"cls-53\"/><path d=\"M39.271 2.913L33.228 56.4h-.625l6.043-53.487h.625z\" class=\"cls-54\"/><path d=\"M39.897 2.913L33.853 56.4h-.625l6.043-53.487h.626z\" class=\"cls-54\"/><path d=\"M40.522 2.913L34.478 56.4h-.625l6.044-53.487h.625z\" class=\"cls-55\"/><path d=\"M41.147 2.913L35.104 56.4h-.626l6.044-53.487h.625z\" class=\"cls-56\"/><path d=\"M41.773 2.913L35.729 56.4h-.625l6.043-53.487h.626z\" class=\"cls-56\"/><path fill=\"#00b2af\" d=\"M42.398 2.913L36.354 56.4h-.625l6.044-53.487h.625z\"/><path fill=\"#00b2ae\" d=\"M43.023 2.913L36.979 56.4h-.625l6.044-53.487h.625z\"/><path fill=\"#00b1ae\" d=\"M43.648 2.913L37.605 56.4h-.626l6.044-53.487h.625z\"/><path fill=\"#00b1ad\" d=\"M44.274 2.913L38.23 56.4h-.625l6.043-53.487h.626z\"/><path fill=\"#00b0ac\" d=\"M44.899 2.913L38.855 56.4h-.625l6.044-53.487h.625z\"/><path d=\"M45.524 2.913L39.481 56.4h-.626l6.044-53.487h.625z\" class=\"cls-62\"/><path d=\"M55.67 2.913l.35.039V56.4H39.481l6.043-53.487H55.67z\" class=\"cls-62\"/></g><g clip-path=\"url(#clip-path-2)\"><path d=\"M118.046 22.817l-.427-9.164h.427v9.164z\" class=\"cls-4\"/><path d=\"M118.046 32.446l-.875-18.793h.448l.427 9.164v9.629z\" class=\"cls-5\"/><path d=\"M118.046 42.075l-1.324-28.422h.449l.875 18.793v9.629z\" class=\"cls-5\"/><path d=\"M117.735 45.027l-1.461-31.374h.448l1.324 28.422v2.952h-.311z\" class=\"cls-6\"/><path d=\"M117.286 45.027l-1.461-31.374h.449l1.461 31.374h-.449zm-.448 0l-1.461-31.374h.448l1.461 31.374h-.448z\" class=\"cls-7\"/><path d=\"M116.389 45.027l-1.461-31.374h.449l1.461 31.374h-.449z\" class=\"cls-8\"/><path d=\"M115.941 45.027l-1.461-31.374h.448l1.461 31.374h-.448z\" class=\"cls-9\"/><path d=\"M115.493 45.027l-1.462-31.374h.449l1.461 31.374h-.448z\" class=\"cls-10\"/><path d=\"M115.044 45.027l-1.461-31.374h.448l1.462 31.374h-.449z\" class=\"cls-10\"/><path d=\"M114.596 45.027l-1.462-31.374h.449l1.461 31.374h-.448z\" class=\"cls-11\"/><path d=\"M114.147 45.027l-1.461-31.374h.448l1.462 31.374h-.449z\" class=\"cls-12\"/><path d=\"M113.699 45.027l-1.462-31.374h.449l1.461 31.374h-.448z\" class=\"cls-13\"/><path d=\"M113.25 45.027l-1.461-31.374h.448l1.462 31.374h-.449z\" class=\"cls-13\"/><path d=\"M112.802 45.027l-1.462-31.374h.449l1.461 31.374h-.448z\" class=\"cls-14\"/><path d=\"M112.353 45.027l-1.461-31.374h.448l1.462 31.374h-.449z\" class=\"cls-15\"/><path d=\"M111.905 45.027l-1.462-31.374h.449l1.461 31.374h-.448z\" class=\"cls-16\"/><path d=\"M111.456 45.027l-1.461-31.374h.448l1.462 31.374h-.449z\" class=\"cls-17\"/><path d=\"M111.008 45.027l-1.461-31.374h.448l1.461 31.374h-.448z\" class=\"cls-18\"/><path d=\"M110.559 45.027l-1.461-31.374h.449l1.461 31.374h-.449z\" class=\"cls-19\"/><path d=\"M110.111 45.027l-1.461-31.374h.448l1.461 31.374h-.448z\" class=\"cls-20\"/><path d=\"M109.662 45.027l-1.461-31.374h.449l1.461 31.374h-.449z\" class=\"cls-21\"/><path d=\"M109.214 45.027l-1.461-31.374h.448l1.461 31.374h-.448z\" class=\"cls-22\"/><path d=\"M108.765 45.027l-1.461-31.374h.449l1.461 31.374h-.449z\" class=\"cls-22\"/><path d=\"M108.317 45.027l-1.461-31.374h.448l1.461 31.374h-.448z\" class=\"cls-23\"/><path d=\"M107.868 45.027l-1.461-31.374h.449l1.461 31.374h-.449z\" class=\"cls-24\"/><path d=\"M107.42 45.027l-1.461-31.374h.448l1.461 31.374h-.448z\" class=\"cls-24\"/><path d=\"M106.972 45.027l-1.462-31.374h.449l1.461 31.374h-.448z\" class=\"cls-25\"/><path d=\"M106.523 45.027l-1.461-31.374h.448l1.462 31.374h-.449z\" class=\"cls-26\"/><path d=\"M106.075 45.027l-1.462-31.374h.449l1.461 31.374h-.448z\" class=\"cls-27\"/><path d=\"M105.626 45.027l-1.461-31.374h.448l1.462 31.374h-.449zm-.448 0l-1.462-31.374h.449l1.461 31.374h-.448z\" class=\"cls-28\"/><path d=\"M104.729 45.027l-1.461-31.374h.448l1.462 31.374h-.449z\" class=\"cls-29\"/><path d=\"M104.281 45.027l-1.462-31.374h.449l1.461 31.374h-.448z\" class=\"cls-30\"/><path d=\"M103.832 45.027l-1.461-31.374h.448l1.462 31.374h-.449z\" class=\"cls-31\"/><path fill=\"#4dc2c1\" d=\"M103.384 45.027l-1.462-31.374h.449l1.461 31.374h-.448z\"/><path fill=\"#4cc2c0\" d=\"M102.935 45.027l-1.461-31.374h.448l1.462 31.374h-.449z\"/><path fill=\"#4bc0bf\" d=\"M102.487 45.027l-1.461-31.374h.448l1.461 31.374h-.448z\"/><path d=\"M102.038 45.027l-1.461-31.374h.449l1.461 31.374h-.449z\" class=\"cls-34\"/><path d=\"M101.59 45.027l-1.461-31.374h.448l1.461 31.374h-.448z\" class=\"cls-35\"/><path d=\"M101.141 45.027L99.68 13.653h.449l1.461 31.374h-.449z\" class=\"cls-36\"/><path fill=\"#41c0be\" d=\"M100.693 45.027l-1.461-31.374h.448l1.461 31.374h-.448z\"/><path d=\"M100.244 45.027l-1.461-31.374h.449l1.461 31.374h-.449z\" class=\"cls-37\"/><path d=\"M99.796 45.027l-1.461-31.374h.448l1.461 31.374h-.448z\" class=\"cls-38\"/><path fill=\"#3cbfbc\" d=\"M99.347 45.027l-1.461-31.374h.449l1.461 31.374h-.449z\"/><path d=\"M98.899 45.027l-1.461-31.374h.448l1.461 31.374h-.448z\" class=\"cls-39\"/><path d=\"M98.45 45.027l-1.461-31.374h.449l1.461 31.374h-.449z\" class=\"cls-40\"/><path d=\"M98.002 45.027l-1.461-31.374h.448l1.461 31.374h-.448z\" class=\"cls-41\"/><path fill=\"#2fbebc\" d=\"M97.554 45.027l-1.462-31.374h.449l1.461 31.374h-.448z\"/><path d=\"M97.105 45.027l-1.461-31.374h.448l1.462 31.374h-.449z\" class=\"cls-42\"/><path fill=\"#2bbdba\" d=\"M96.657 45.027l-1.462-31.374h.449l1.461 31.374h-.448z\"/><path d=\"M96.208 45.027l-1.461-31.374h.448l1.462 31.374h-.449z\" class=\"cls-43\"/><path d=\"M95.76 45.027l-1.462-31.374h.449l1.461 31.374h-.448z\" class=\"cls-44\"/><path d=\"M95.311 45.027L93.85 13.653h.448l1.462 31.374h-.449z\" class=\"cls-45\"/><path fill=\"#16bab9\" d=\"M94.863 45.027l-1.462-31.374h.449l1.461 31.374h-.448z\"/><path fill=\"#11bab7\" d=\"M94.414 45.027l-1.461-31.374h.448l1.462 31.374h-.449z\"/><path d=\"M93.966 45.027l-1.462-31.374h.449l1.461 31.374h-.448z\" class=\"cls-47\"/><path d=\"M93.517 45.027l-1.461-31.374h.448l1.462 31.374h-.449z\" class=\"cls-48\"/><path d=\"M93.069 45.027l-1.461-31.374h.448l1.461 31.374h-.448z\" class=\"cls-48\"/><path d=\"M92.62 45.027l-1.461-31.374h.449l1.461 31.374h-.449z\" class=\"cls-48\"/><path fill=\"#00b7b6\" d=\"M92.172 45.027l-1.461-31.374h.448l1.461 31.374h-.448z\"/><path d=\"M91.723 45.027l-1.461-31.374h.449l1.461 31.374h-.449z\" class=\"cls-49\"/><path d=\"M91.275 45.027l-1.461-31.374h.448l1.461 31.374h-.448z\" class=\"cls-50\"/><path d=\"M90.826 45.027l-1.461-31.374h.449l1.461 31.374h-.449z\" class=\"cls-51\"/><path d=\"M90.378 45.027l-1.461-31.374h.448l1.461 31.374h-.448z\" class=\"cls-51\"/><path d=\"M89.929 45.027l-1.461-31.374h.449l1.461 31.374h-.449z\" class=\"cls-51\"/><path d=\"M89.481 45.027L88.02 13.653h.448l1.461 31.374h-.448zm-.448 0l-1.462-31.374h.449l1.461 31.374h-.448z\" class=\"cls-52\"/><path d=\"M88.584 45.027l-1.461-31.374h.448l1.462 31.374h-.449z\" class=\"cls-53\"/><path d=\"M88.136 45.027l-1.462-31.374h.449l1.461 31.374h-.448z\" class=\"cls-54\"/><path d=\"M87.687 45.027l-1.014-21.783v-9.591h.001l1.462 31.374h-.449zm-.448 0l-.566-12.154v-9.629l1.014 21.783h-.448z\" class=\"cls-54\"/><path d=\"M86.79 45.027l-.117-2.525v-9.629l.566 12.154h-.449z\" class=\"cls-55\"/><path d=\"M86.673 42.502l.117 2.525h-.117v-2.525z\" class=\"cls-55\"/></g><path d=\"M30.353 13.486L14.218 29.742l16.255 16.135 13.752-.051-14.421-14.305 71.209-.264-6.241 6.283 6.876-.025 8.068-8.128-8.128-8.067-6.876.025L101 27.583l-71.209.264 14.313-14.412-13.751.051z\" class=\"cls-2\"/></svg>',0),('HTML','<svg viewBox=\"0 0 128 128\"><path fill=\"#E44D26\" d=\"M19.037 113.876L9.032 1.661h109.936l-10.016 112.198-45.019 12.48z\"></path><path fill=\"#F16529\" d=\"M64 116.8l36.378-10.086 8.559-95.878H64z\"></path><path fill=\"#EBEBEB\" d=\"M64 52.455H45.788L44.53 38.361H64V24.599H29.489l.33 3.692 3.382 37.927H64zm0 35.743l-.061.017-15.327-4.14-.979-10.975H33.816l1.928 21.609 28.193 7.826.063-.017z\"></path><path fill=\"#fff\" d=\"M63.952 52.455v13.763h16.947l-1.597 17.849-15.35 4.143v14.319l28.215-7.82.207-2.325 3.234-36.233.335-3.696h-3.708zm0-27.856v13.762h33.244l.276-3.092.628-6.978.329-3.692z\"></path></svg>',0),('Java','<svg viewBox=\"0 0 128 128\"><path fill=\"#0074BD\" d=\"M52.581 67.817s-3.284 1.911 2.341 2.557c6.814.778 10.297.666 17.805-.753 0 0 1.979 1.237 4.735 2.309-16.836 7.213-38.104-.418-24.881-4.113zm-2.059-9.415s-3.684 2.729 1.945 3.311c7.28.751 13.027.813 22.979-1.103 0 0 1.373 1.396 3.536 2.157-20.352 5.954-43.021.469-28.46-4.365z\"></path><path fill=\"#EA2D2E\" d=\"M67.865 42.431c4.151 4.778-1.088 9.074-1.088 9.074s10.533-5.437 5.696-12.248c-4.519-6.349-7.982-9.502 10.771-20.378.001 0-29.438 7.35-15.379 23.552z\"></path><path fill=\"#0074BD\" d=\"M90.132 74.781s2.432 2.005-2.678 3.555c-9.716 2.943-40.444 3.831-48.979.117-3.066-1.335 2.687-3.187 4.496-3.576 1.887-.409 2.965-.334 2.965-.334-3.412-2.403-22.055 4.719-9.469 6.762 34.324 5.563 62.567-2.506 53.665-6.524zm-35.97-26.134s-15.629 3.713-5.534 5.063c4.264.57 12.758.439 20.676-.225 6.469-.543 12.961-1.704 12.961-1.704s-2.279.978-3.93 2.104c-15.874 4.175-46.533 2.23-37.706-2.038 7.463-3.611 13.533-3.2 13.533-3.2zM82.2 64.317c16.135-8.382 8.674-16.438 3.467-15.353-1.273.266-1.845.496-1.845.496s.475-.744 1.378-1.063c10.302-3.62 18.223 10.681-3.322 16.345 0 0 .247-.224.322-.425z\"></path><path fill=\"#EA2D2E\" d=\"M72.474 1.313s8.935 8.939-8.476 22.682c-13.962 11.027-3.184 17.313-.006 24.498-8.15-7.354-14.128-13.828-10.118-19.852 5.889-8.842 22.204-13.131 18.6-27.328z\"></path><path fill=\"#0074BD\" d=\"M55.749 87.039c15.484.99 39.269-.551 39.832-7.878 0 0-1.082 2.777-12.799 4.981-13.218 2.488-29.523 2.199-39.191.603 0 0 1.98 1.64 12.158 2.294z\"></path><path fill=\"#EA2D2E\" d=\"M94.866 100.181h-.472v-.264h1.27v.264h-.47v1.317h-.329l.001-1.317zm2.535.066h-.006l-.468 1.251h-.216l-.465-1.251h-.005v1.251h-.312v-1.581h.457l.431 1.119.432-1.119h.454v1.581h-.302v-1.251zm-44.19 14.79c-1.46 1.266-3.004 1.978-4.391 1.978-1.974 0-3.045-1.186-3.045-3.085 0-2.055 1.146-3.56 5.738-3.56h1.697v4.667h.001zm4.031 4.548v-14.077c0-3.599-2.053-5.973-6.997-5.973-2.886 0-5.416.714-7.473 1.622l.592 2.493c1.62-.595 3.715-1.147 5.771-1.147 2.85 0 4.075 1.147 4.075 3.521v1.779h-1.424c-6.921 0-10.044 2.685-10.044 6.723 0 3.479 2.058 5.456 5.933 5.456 2.49 0 4.351-1.028 6.088-2.533l.316 2.137h3.163v-.001zm13.452 0h-5.027l-6.051-19.689h4.391l3.756 12.099.835 3.635c1.896-5.258 3.24-10.596 3.912-15.733h4.271c-1.143 6.481-3.203 13.598-6.087 19.688zm19.288-4.548c-1.465 1.266-3.01 1.978-4.392 1.978-1.976 0-3.046-1.186-3.046-3.085 0-2.055 1.149-3.56 5.736-3.56h1.701v4.667h.001zm4.033 4.548v-14.077c0-3.599-2.059-5.973-6.999-5.973-2.889 0-5.418.714-7.475 1.622l.593 2.493c1.62-.595 3.718-1.147 5.774-1.147 2.846 0 4.074 1.147 4.074 3.521v1.779h-1.424c-6.923 0-10.045 2.685-10.045 6.723 0 3.479 2.056 5.456 5.93 5.456 2.491 0 4.349-1.028 6.091-2.533l.318 2.137h3.163v-.001zm-56.693 3.346c-1.147 1.679-3.005 3.008-5.037 3.757l-1.989-2.345c1.547-.794 2.872-2.075 3.489-3.269.532-1.063.753-2.43.753-5.701V92.891h4.284v22.173c0 4.375-.348 6.144-1.5 7.867z\"></path></svg>',1),('JavaScript','<svg viewBox=\"0 0 128 128\"><path fill=\"#F0DB4F\" d=\"M1.408 1.408h125.184v125.185H1.408z\"></path><path fill=\"#323330\" d=\"M116.347 96.736c-.917-5.711-4.641-10.508-15.672-14.981-3.832-1.761-8.104-3.022-9.377-5.926-.452-1.69-.512-2.642-.226-3.665.821-3.32 4.784-4.355 7.925-3.403 2.023.678 3.938 2.237 5.093 4.724 5.402-3.498 5.391-3.475 9.163-5.879-1.381-2.141-2.118-3.129-3.022-4.045-3.249-3.629-7.676-5.498-14.756-5.355l-3.688.477c-3.534.893-6.902 2.748-8.877 5.235-5.926 6.724-4.236 18.492 2.975 23.335 7.104 5.332 17.54 6.545 18.873 11.531 1.297 6.104-4.486 8.08-10.234 7.378-4.236-.881-6.592-3.034-9.139-6.949-4.688 2.713-4.688 2.713-9.508 5.485 1.143 2.499 2.344 3.63 4.26 5.795 9.068 9.198 31.76 8.746 35.83-5.176.165-.478 1.261-3.666.38-8.581zM69.462 58.943H57.753l-.048 30.272c0 6.438.333 12.34-.714 14.149-1.713 3.558-6.152 3.117-8.175 2.427-2.059-1.012-3.106-2.451-4.319-4.485-.333-.584-.583-1.036-.667-1.071l-9.52 5.83c1.583 3.249 3.915 6.069 6.902 7.901 4.462 2.678 10.459 3.499 16.731 2.059 4.082-1.189 7.604-3.652 9.448-7.401 2.666-4.915 2.094-10.864 2.07-17.444.06-10.735.001-21.468.001-32.237z\"></path></svg>',0),('Koa','<svg viewBox=\"0 0 512 275\" version=\"1.1\" xmlns=\"http://www.w3.org/2000/svg\" xmlns:xlink=\"http://www.w3.org/1999/xlink\" preserveAspectRatio=\"xMidYMid\">\n    <g>\n        <path d=\"M25.6523877,0 L25.6523877,182.498415 L106.274177,91.6156702 L109.938804,91.6156702 L50.2053873,159.044803 L128.994864,274.847011 L103.342476,274.847011 L35.54688,175.169161 L25.6523877,186.529505 L25.6523877,274.847011 L0,274.847011 L0,0 L25.6523877,0 Z M153.010067,184.729644 C153.010067,125.276424 191.37165,92.1677439 241.314089,92.1677439 C287.275608,92.1677439 326.722897,115.664226 326.722897,180.457556 C326.722897,239.910777 288.361313,273.019456 238.418875,273.019456 C192.457356,273.019456 153.010067,249.522974 153.010067,184.729644 Z M176.806345,184.741069 C176.806345,247.375581 204.303498,270.639829 238.399967,270.639829 C274.32958,270.639829 302.926619,237.711971 302.926619,180.446131 C302.926619,117.811619 275.429466,94.5473716 241.332997,94.5473716 C205.403384,94.5473716 176.806345,127.475229 176.806345,184.741069 Z M500.990371,271.957131 C457.662155,271.957131 459.793051,246.680612 459.793051,246.680612 L459.793051,241.696509 C452.690065,254.512773 439.194391,273.38116 404.034609,273.38116 C362.482139,273.38116 355.379153,247.036619 353.248257,232.796327 C349.696764,208.943837 358.220347,191.143472 421.436925,186.871384 C437.418644,185.447355 455.531259,186.159369 459.793051,186.515377 L459.793051,127.418163 C459.793051,127.418163 463.699693,95.3775057 422.502373,95.3775057 C400.483116,95.3775057 373.136619,104.633696 364.257886,109.617798 L362.837288,107.125747 C367.45423,104.989703 389.118338,92.5294473 427.119314,92.5294473 C478.615965,92.5294473 484.653503,115.313915 484.653503,127.418163 L484.653503,246.680612 C484.653503,269.821087 500.990371,269.109072 500.990371,269.109072 L512,269.109072 L512,271.957131 L500.990371,271.957131 Z M410.248646,271.001532 C436.87535,271.001532 458.597134,246.764229 459.648188,232.294197 L459.648188,188.522351 C455.443972,188.160601 438.977458,186.713598 421.459889,188.884102 C384.322645,193.225112 376.965266,206.24814 379.067374,232.655948 C380.468779,250.381737 385.72405,271.001532 410.248646,271.001532 Z\" fill=\"#000000\" fill-rule=\"nonzero\"></path>\n    </g>\n</svg>\n',1),('Kotlin','<svg viewBox=\"0 0 128 128\"><linearGradient id=\"kotlin-original-a\" gradientUnits=\"userSpaceOnUse\" x1=\"-11.899\" y1=\"48.694\" x2=\"40.299\" y2=\"-8.322\"><stop offset=\"0\" stop-color=\"#1c93c1\"></stop><stop offset=\".163\" stop-color=\"#2391c0\"></stop><stop offset=\".404\" stop-color=\"#378bbe\"></stop><stop offset=\".696\" stop-color=\"#587eb9\"></stop><stop offset=\".995\" stop-color=\"#7f6cb1\"></stop></linearGradient><path fill=\"url(#kotlin-original-a)\" d=\"M0 0h65.4L0 64.4z\"></path><linearGradient id=\"kotlin-original-b\" gradientUnits=\"userSpaceOnUse\" x1=\"43.553\" y1=\"149.174\" x2=\"95.988\" y2=\"94.876\"><stop offset=\"0\" stop-color=\"#1c93c1\"></stop><stop offset=\".216\" stop-color=\"#2d8ebf\"></stop><stop offset=\".64\" stop-color=\"#587eb9\"></stop><stop offset=\".995\" stop-color=\"#7f6cb1\"></stop></linearGradient><path fill=\"url(#kotlin-original-b)\" d=\"M128 128L64.6 62.6 0 128z\"></path><linearGradient id=\"kotlin-original-c\" gradientUnits=\"userSpaceOnUse\" x1=\"3.24\" y1=\"95.249\" x2=\"92.481\" y2=\"2.116\"><stop offset=\"0\" stop-color=\"#c757a7\"></stop><stop offset=\".046\" stop-color=\"#ca5a9e\"></stop><stop offset=\".241\" stop-color=\"#d66779\"></stop><stop offset=\".428\" stop-color=\"#e17357\"></stop><stop offset=\".6\" stop-color=\"#e97c3a\"></stop><stop offset=\".756\" stop-color=\"#ef8324\"></stop><stop offset=\".888\" stop-color=\"#f28817\"></stop><stop offset=\".982\" stop-color=\"#f48912\"></stop></linearGradient><path fill=\"url(#kotlin-original-c)\" d=\"M0 128L128 0H64.6L0 63.7z\"></path></svg>',0),('Kubernetes','<svg viewBox=\"0 0 128 128\"><g fill=\"#486bb3\"><path d=\"M56.484 55.098c.37.27.82.43 1.31.43 1.2 0 2.18-.95 2.23-2.13l.05-.03.75-13.26c-.9.11-1.8.26-2.7.46-4.93 1.12-9.2 3.55-12.54 6.83l10.87 7.71.03-.01zM55.034 74.528a2.218 2.218 0 00-2.58-1.69l-.02-.03-13.05 2.21a26.15 26.15 0 0010.51 13.15l5.06-12.22-.04-.05c.17-.42.23-.89.12-1.37zM50.694 65.118c.44-.12.85-.38 1.16-.76.75-.94.62-2.29-.28-3.07l.01-.05-9.93-8.88a26.07 26.07 0 00-3.7 16.48l12.73-3.67.01-.05zM60.334 69.018l3.66 1.76 3.66-1.75.9-3.95-2.53-3.16h-4.06l-2.54 3.16zM67.934 53.348c.02.46.18.91.49 1.29.75.94 2.1 1.11 3.06.41l.04.02 10.8-7.66c-4.08-3.99-9.4-6.6-15.15-7.3l.75 13.24h.01zM75.514 72.778c-.17-.03-.34-.05-.51-.04-.29.01-.58.09-.85.22a2.23 2.23 0 00-1.08 2.89l-.02.02 5.11 12.34c4.93-3.14 8.61-7.83 10.54-13.24l-13.16-2.23-.03.04zM65.954 79.318a2.246 2.246 0 00-2.04-1.17c-.77.03-1.5.46-1.89 1.18h-.01l-6.42 11.6a26.16 26.16 0 0014.27.73c.88-.2 1.74-.44 2.57-.72l-6.43-11.63h-.05z\"></path><path d=\"M124.544 76.788l-10.44-45.33a8.012 8.012 0 00-4.37-5.43l-42.24-20.18a8.157 8.157 0 00-3.92-.78 8.15 8.15 0 00-3.1.78l-42.24 20.18a8.055 8.055 0 00-4.37 5.43l-10.41 45.34a7.92 7.92 0 001.1 6.14c.14.22.3.43.46.64l29.24 36.35a8.087 8.087 0 006.32 3.01l46.89-.01c2.46 0 4.78-1.11 6.32-3.01l29.23-36.36a7.981 7.981 0 001.53-6.77zm-16.07-.55c-.31 1.35-1.76 2.17-3.26 1.85-.01 0-.03 0-.04-.01-.02 0-.03-.01-.05-.02-.21-.05-.47-.09-.65-.14-.86-.23-1.49-.58-2.27-.88-1.67-.6-3.06-1.1-4.41-1.3-.69-.05-1.04.27-1.42.52-.18-.04-.75-.14-1.08-.19-2.42 7.61-7.58 14.21-14.57 18.33.12.29.33.91.42 1.02-.16.43-.4.83-.19 1.49.49 1.27 1.28 2.52 2.24 4.01.46.69.94 1.22 1.36 2.02.1.19.23.48.33.68.65 1.39.17 2.99-1.08 3.59-1.26.61-2.82-.03-3.5-1.43-.1-.2-.23-.46-.31-.65-.36-.82-.48-1.52-.73-2.32-.57-1.68-1.05-3.07-1.73-4.25-.39-.57-.86-.64-1.29-.78-.08-.14-.38-.69-.54-.97-1.4.53-2.84.97-4.34 1.31-6.56 1.49-13.13.89-18.99-1.37l-.57 1.04c-.43.11-.84.23-1.09.53-.92 1.1-1.29 2.86-1.96 4.54-.25.79-.37 1.5-.73 2.32-.08.19-.22.45-.31.64v.01l-.01.01c-.67 1.39-2.23 2.03-3.49 1.43-1.25-.6-1.72-2.2-1.08-3.59.1-.2.22-.49.32-.68.42-.79.89-1.33 1.36-2.02.96-1.5 1.8-2.84 2.29-4.11.12-.42-.06-1-.22-1.43l.46-1.1c-6.73-3.99-12.04-10.34-14.58-18.21l-1.1.19c-.3-.17-.89-.56-1.45-.51-1.35.2-2.74.7-4.41 1.3-.78.3-1.4.64-2.27.87-.18.05-.44.1-.65.15-.02 0-.03.01-.05.02-.01 0-.03 0-.04.01-1.5.32-2.95-.5-3.26-1.85-.31-1.35.65-2.72 2.14-3.08.01 0 .03-.01.04-.01.01 0 .01 0 .02-.01.21-.05.48-.12.68-.16.88-.17 1.6-.13 2.43-.19 1.77-.19 3.23-.34 4.53-.75.41-.17.81-.74 1.09-1.1l1.06-.31c-1.19-8.22.82-16.28 5.16-22.81l-.81-.72c-.05-.32-.12-1.04-.51-1.46-.99-.93-2.25-1.71-3.76-2.64-.72-.42-1.38-.69-2.1-1.23-.15-.11-.36-.29-.52-.42-.01-.01-.03-.02-.04-.03-1.21-.97-1.49-2.64-.62-3.73.49-.61 1.24-.92 2.01-.89.6.02 1.23.24 1.76.66.17.14.41.32.56.45.68.58 1.09 1.16 1.66 1.77 1.25 1.27 2.28 2.32 3.41 3.08.59.35 1.05.21 1.5.15.15.11.63.46.91.65 4.3-4.57 9.96-7.95 16.52-9.44 1.53-.35 3.05-.58 4.57-.7l.06-1.07c.34-.33.71-.79.82-1.31.11-1.36-.07-2.82-.28-4.59-.12-.82-.31-1.51-.35-2.4-.01-.18 0-.44.01-.65 0-.02-.01-.05-.01-.07 0-1.55 1.13-2.81 2.53-2.81s2.53 1.26 2.53 2.81c0 .22.01.52.01.72-.03.89-.23 1.58-.35 2.4-.21 1.76-.4 3.23-.29 4.59.1.68.5.95.83 1.26.01.18.04.79.06 1.13 8.04.71 15.5 4.39 20.99 10.14l.96-.69c.33.02 1.04.12 1.53-.17 1.13-.76 2.16-1.82 3.41-3.08.57-.61.99-1.18 1.67-1.77.15-.13.39-.31.56-.45 1.21-.97 2.9-.86 3.77.23s.59 2.76-.62 3.73c-.17.14-.39.33-.56.45-.72.53-1.38.8-2.1 1.23-1.51.93-2.77 1.71-3.76 2.64-.47.5-.43.98-.48 1.43-.14.13-.63.57-.9.8a32.75 32.75 0 014.74 10.95c.92 3.99 1.06 7.97.53 11.8l1.02.3c.18.26.56.89 1.09 1.1 1.3.41 2.76.56 4.53.75.83.07 1.55.03 2.43.19.21.04.52.12.73.17 1.5.37 2.45 1.74 2.14 3.09z\"></path><path d=\"M86.274 52.358l-9.88 8.84.01.03c-.34.3-.6.7-.71 1.18-.27 1.17.44 2.33 1.58 2.65l.01.05 12.79 3.68c.27-2.76.11-5.62-.55-8.48-.66-2.89-1.77-5.56-3.25-7.95z\"></path></g></svg>',0),('MongoDB','<svg viewBox=\"0 0 128 128\">\n<path fill-rule=\"evenodd\" clip-rule=\"evenodd\" fill=\"#439934\" d=\"M88.038 42.812c1.605 4.643 2.761 9.383 3.141 14.296.472 6.095.256 12.147-1.029 18.142-.035.165-.109.32-.164.48-.403.001-.814-.049-1.208.012-3.329.523-6.655 1.065-9.981 1.604-3.438.557-6.881 1.092-10.313 1.687-1.216.21-2.721-.041-3.212 1.641-.014.046-.154.054-.235.08l.166-10.051-.169-24.252 1.602-.275c2.62-.429 5.24-.864 7.862-1.281 3.129-.497 6.261-.98 9.392-1.465 1.381-.215 2.764-.412 4.148-.618z\"></path><path fill-rule=\"evenodd\" clip-rule=\"evenodd\" fill=\"#45A538\" d=\"M61.729 110.054c-1.69-1.453-3.439-2.842-5.059-4.37-8.717-8.222-15.093-17.899-18.233-29.566-.865-3.211-1.442-6.474-1.627-9.792-.13-2.322-.318-4.665-.154-6.975.437-6.144 1.325-12.229 3.127-18.147l.099-.138c.175.233.427.439.516.702 1.759 5.18 3.505 10.364 5.242 15.551 5.458 16.3 10.909 32.604 16.376 48.9.107.318.384.579.583.866l-.87 2.969z\"></path><path fill-rule=\"evenodd\" clip-rule=\"evenodd\" fill=\"#46A037\" d=\"M88.038 42.812c-1.384.206-2.768.403-4.149.616-3.131.485-6.263.968-9.392 1.465-2.622.417-5.242.852-7.862 1.281l-1.602.275-.012-1.045c-.053-.859-.144-1.717-.154-2.576-.069-5.478-.112-10.956-.18-16.434-.042-3.429-.105-6.857-.175-10.285-.043-2.13-.089-4.261-.185-6.388-.052-1.143-.236-2.28-.311-3.423-.042-.657.016-1.319.029-1.979.817 1.583 1.616 3.178 2.456 4.749 1.327 2.484 3.441 4.314 5.344 6.311 7.523 7.892 12.864 17.068 16.193 27.433z\"></path><path fill-rule=\"evenodd\" clip-rule=\"evenodd\" fill=\"#409433\" d=\"M65.036 80.753c.081-.026.222-.034.235-.08.491-1.682 1.996-1.431 3.212-1.641 3.432-.594 6.875-1.13 10.313-1.687 3.326-.539 6.652-1.081 9.981-1.604.394-.062.805-.011 1.208-.012-.622 2.22-1.112 4.488-1.901 6.647-.896 2.449-1.98 4.839-3.131 7.182a49.142 49.142 0 01-6.353 9.763c-1.919 2.308-4.058 4.441-6.202 6.548-1.185 1.165-2.582 2.114-3.882 3.161l-.337-.23-1.214-1.038-1.256-2.753a41.402 41.402 0 01-1.394-9.838l.023-.561.171-2.426c.057-.828.133-1.655.168-2.485.129-2.982.241-5.964.359-8.946z\"></path><path fill-rule=\"evenodd\" clip-rule=\"evenodd\" fill=\"#4FAA41\" d=\"M65.036 80.753c-.118 2.982-.23 5.964-.357 8.947-.035.83-.111 1.657-.168 2.485l-.765.289c-1.699-5.002-3.399-9.951-5.062-14.913-2.75-8.209-5.467-16.431-8.213-24.642a4498.887 4498.887 0 00-6.7-19.867c-.105-.31-.407-.552-.617-.826l4.896-9.002c.168.292.39.565.496.879a6167.476 6167.476 0 016.768 20.118c2.916 8.73 5.814 17.467 8.728 26.198.116.349.308.671.491 1.062l.67-.78-.167 10.052z\"></path><path fill-rule=\"evenodd\" clip-rule=\"evenodd\" fill=\"#4AA73C\" d=\"M43.155 32.227c.21.274.511.516.617.826a4498.887 4498.887 0 016.7 19.867c2.746 8.211 5.463 16.433 8.213 24.642 1.662 4.961 3.362 9.911 5.062 14.913l.765-.289-.171 2.426-.155.559c-.266 2.656-.49 5.318-.814 7.968-.163 1.328-.509 2.632-.772 3.947-.198-.287-.476-.548-.583-.866-5.467-16.297-10.918-32.6-16.376-48.9a3888.972 3888.972 0 00-5.242-15.551c-.089-.263-.34-.469-.516-.702l3.272-8.84z\"></path><path fill-rule=\"evenodd\" clip-rule=\"evenodd\" fill=\"#57AE47\" d=\"M65.202 70.702l-.67.78c-.183-.391-.375-.714-.491-1.062-2.913-8.731-5.812-17.468-8.728-26.198a6167.476 6167.476 0 00-6.768-20.118c-.105-.314-.327-.588-.496-.879l6.055-7.965c.191.255.463.482.562.769 1.681 4.921 3.347 9.848 5.003 14.778 1.547 4.604 3.071 9.215 4.636 13.813.105.308.47.526.714.786l.012 1.045c.058 8.082.115 16.167.171 24.251z\"></path><path fill-rule=\"evenodd\" clip-rule=\"evenodd\" fill=\"#60B24F\" d=\"M65.021 45.404c-.244-.26-.609-.478-.714-.786-1.565-4.598-3.089-9.209-4.636-13.813-1.656-4.93-3.322-9.856-5.003-14.778-.099-.287-.371-.514-.562-.769 1.969-1.928 3.877-3.925 5.925-5.764 1.821-1.634 3.285-3.386 3.352-5.968.003-.107.059-.214.145-.514l.519 1.306c-.013.661-.072 1.322-.029 1.979.075 1.143.259 2.28.311 3.423.096 2.127.142 4.258.185 6.388.069 3.428.132 6.856.175 10.285.067 5.478.111 10.956.18 16.434.008.861.098 1.718.152 2.577z\"></path><path fill-rule=\"evenodd\" clip-rule=\"evenodd\" fill=\"#A9AA88\" d=\"M62.598 107.085c.263-1.315.609-2.62.772-3.947.325-2.649.548-5.312.814-7.968l.066-.01.066.011a41.402 41.402 0 001.394 9.838c-.176.232-.425.439-.518.701-.727 2.05-1.412 4.116-2.143 6.166-.1.28-.378.498-.574.744l-.747-2.566.87-2.969z\"></path><path fill-rule=\"evenodd\" clip-rule=\"evenodd\" fill=\"#B6B598\" d=\"M62.476 112.621c.196-.246.475-.464.574-.744.731-2.05 1.417-4.115 2.143-6.166.093-.262.341-.469.518-.701l1.255 2.754c-.248.352-.59.669-.728 1.061l-2.404 7.059c-.099.283-.437.483-.663.722l-.695-3.985z\"></path><path fill-rule=\"evenodd\" clip-rule=\"evenodd\" fill=\"#C2C1A7\" d=\"M63.171 116.605c.227-.238.564-.439.663-.722l2.404-7.059c.137-.391.48-.709.728-1.061l1.215 1.037c-.587.58-.913 1.25-.717 2.097l-.369 1.208c-.168.207-.411.387-.494.624-.839 2.403-1.64 4.819-2.485 7.222-.107.305-.404.544-.614.812-.109-1.387-.22-2.771-.331-4.158z\"></path><path fill-rule=\"evenodd\" clip-rule=\"evenodd\" fill=\"#CECDB7\" d=\"M63.503 120.763c.209-.269.506-.508.614-.812.845-2.402 1.646-4.818 2.485-7.222.083-.236.325-.417.494-.624l-.509 5.545c-.136.157-.333.294-.398.477-.575 1.614-1.117 3.24-1.694 4.854-.119.333-.347.627-.525.938-.158-.207-.441-.407-.454-.623-.051-.841-.016-1.688-.013-2.533z\"></path><path fill-rule=\"evenodd\" clip-rule=\"evenodd\" fill=\"#DBDAC7\" d=\"M63.969 123.919c.178-.312.406-.606.525-.938.578-1.613 1.119-3.239 1.694-4.854.065-.183.263-.319.398-.477l.012 3.64-1.218 3.124-1.411-.495z\"></path><path fill-rule=\"evenodd\" clip-rule=\"evenodd\" fill=\"#EBE9DC\" d=\"M65.38 124.415l1.218-3.124.251 3.696-1.469-.572z\"></path><path fill-rule=\"evenodd\" clip-rule=\"evenodd\" fill=\"#CECDB7\" d=\"M67.464 110.898c-.196-.847.129-1.518.717-2.097l.337.23-1.054 1.867z\"></path><path fill-rule=\"evenodd\" clip-rule=\"evenodd\" fill=\"#4FAA41\" d=\"M64.316 95.172l-.066-.011-.066.01.155-.559-.023.56z\"></path>\n</svg>',0),('MySQL','<svg viewBox=\"0 0 128 128\"><path fill=\"#00618A\" d=\"M2.001 90.458h4.108V74.235l6.36 14.143c.75 1.712 1.777 2.317 3.792 2.317s3.003-.605 3.753-2.317l6.36-14.143v16.223h4.108V74.262c0-1.58-.632-2.345-1.936-2.739-3.121-.974-5.215-.131-6.163 1.976l-6.241 13.958-6.043-13.959c-.909-2.106-3.042-2.949-6.163-1.976C2.632 71.917 2 72.681 2 74.261v16.197zm31.898-13.206h4.107v8.938c-.038.485.156 1.625 2.406 1.661 1.148.018 8.862 0 8.934 0V77.208h4.117c.019 0-.004 14.514-.004 14.574.022 3.58-4.441 4.357-6.499 4.417H33.988v-2.764c.022 0 12.963.003 12.995-.001 2.645-.279 2.332-1.593 2.331-2.035v-1.078h-8.731c-4.062-.037-6.65-1.81-6.683-3.85-.002-.187.089-9.129-.001-9.219z\"></path><path fill=\"#E48E00\" d=\"M56.63 90.458h11.812c1.383 0 2.727-.289 3.793-.789 1.777-.816 2.646-1.922 2.646-3.372v-3.002c0-1.185-.987-2.292-2.923-3.028-1.027-.396-2.292-.605-3.517-.605h-4.978c-1.659 0-2.449-.5-2.646-1.606-.039-.132-.039-.237-.039-.369v-1.87c0-.105 0-.211.039-.342.197-.843.632-1.08 2.094-1.212l.395-.026h11.733v-2.738H63.504c-1.659 0-2.528.105-3.318.342-2.449.764-3.517 1.975-3.517 4.082v2.396c0 1.844 2.095 3.424 5.61 3.793.396.025.79.053 1.185.053h4.267c.158 0 .316 0 .435.025 1.304.105 1.856.343 2.252.816a.98.98 0 01.315.737v2.397c0 .289-.197.658-.592.974-.355.316-.948.527-1.738.58l-.435.026H56.63v2.738zm43.881-4.766c0 2.817 2.094 4.397 6.32 4.714.395.026.79.052 1.185.052h10.706V87.72h-10.784c-2.41 0-3.318-.606-3.318-2.055V71.497h-4.108v14.195zm-23.008.142v-9.765c0-2.48 1.742-3.985 5.186-4.46a7.8 7.8 0 011.108-.079h7.799c.396 0 .752.026 1.147.079 3.444.475 5.187 1.979 5.187 4.46v9.765c0 2.014-.74 3.09-2.445 3.792l4.048 3.653h-4.771l-3.274-2.956-3.296.209h-4.395a9.075 9.075 0 01-2.414-.343c-2.613-.712-3.88-2.085-3.88-4.355zm4.434-.237c0 .132.039.265.079.423.237 1.135 1.307 1.768 2.929 1.768h3.732l-3.428-3.095h4.771l2.989 2.7c.552-.295.914-.743 1.041-1.32.039-.132.039-.264.039-.396v-9.368c0-.105 0-.238-.039-.37-.238-1.056-1.307-1.662-2.89-1.662h-6.216c-1.82 0-3.008.792-3.008 2.032v9.288z\"></path><path fill=\"#00618A\" d=\"M122.336 66.952c-2.525-.069-4.454.166-6.104.861-.469.198-1.216.203-1.292.79.257.271.297.674.502 1.006.394.637 1.059 1.491 1.652 1.938.647.489 1.315 1.013 2.011 1.437 1.235.754 2.615 1.184 3.806 1.938.701.446 1.397 1.006 2.082 1.509.339.247.565.634 1.006.789v-.071c-.231-.294-.291-.698-.503-1.006l-.934-.934c-.913-1.212-2.071-2.275-3.304-3.159-.982-.705-3.18-1.658-3.59-2.801l-.072-.071c.696-.079 1.512-.331 2.154-.503 1.08-.29 2.045-.215 3.16-.503l1.508-.432v-.286c-.563-.578-.966-1.344-1.58-1.867-1.607-1.369-3.363-2.737-5.17-3.879-1.002-.632-2.241-1.043-3.304-1.579-.356-.181-.984-.274-1.221-.575-.559-.711-.862-1.612-1.293-2.441a93.068 93.068 0 01-2.585-5.458c-.544-1.245-.9-2.473-1.579-3.59-3.261-5.361-6.771-8.597-12.208-11.777-1.157-.677-2.55-.943-4.021-1.292l-2.37-.144c-.481-.201-.983-.791-1.436-1.077-1.802-1.138-6.422-3.613-7.756-.358-.842 2.054 1.26 4.058 2.011 5.099.527.73 1.203 1.548 1.58 2.369.248.54.29 1.081.503 1.652.521 1.406.976 2.937 1.651 4.236.341.658.718 1.351 1.149 1.939.264.36.718.52.789 1.077-.443.62-.469 1.584-.718 2.369-1.122 3.539-.699 7.938.934 10.557.501.805 1.681 2.529 3.303 1.867 1.419-.578 1.103-2.369 1.509-3.95.092-.357.035-.621.215-.861v.072l1.293 2.585c.957 1.541 2.654 3.15 4.093 4.237.746.563 1.334 1.538 2.298 1.867v-.073h-.071c-.188-.291-.479-.411-.719-.646-.562-.551-1.187-1.235-1.651-1.867-1.309-1.776-2.465-3.721-3.519-5.745-.503-.966-.94-2.032-1.364-3.016-.164-.379-.162-.953-.502-1.148-.466.72-1.149 1.303-1.509 2.154-.574 1.36-.648 3.019-.861 4.739l-.144.071c-1.001-.241-1.352-1.271-1.724-2.154-.94-2.233-1.115-5.83-.287-8.401.214-.666 1.181-2.761.789-3.376-.187-.613-.804-.967-1.148-1.437a11.222 11.222 0 01-1.149-2.011c-.77-1.741-1.129-3.696-1.938-5.457-.388-.842-1.042-1.693-1.58-2.441-.595-.83-1.262-1.44-1.724-2.442-.164-.356-.387-.927-.144-1.293.077-.247.188-.35.432-.431.416-.321 1.576.107 2.01.287 1.152.479 2.113.934 3.089 1.58.468.311.941.911 1.508 1.077h.646c1.011.232 2.144.071 3.088.358 1.67.508 3.166 1.297 4.524 2.155 4.139 2.614 7.522 6.334 9.838 10.772.372.715.534 1.396.861 2.154.662 1.528 1.496 3.101 2.154 4.596.657 1.491 1.298 2.996 2.227 4.237.488.652 2.374 1.002 3.231 1.364.601.254 1.585.519 2.154.861 1.087.656 2.141 1.437 3.16 2.155.509.362 2.076 1.149 2.154 1.798zM90.237 39.593a5.124 5.124 0 00-1.293.144v.071h.072c.251.517.694.849 1.005 1.293l.719 1.508.071-.071c.445-.313.648-.814.646-1.58-.179-.188-.205-.423-.359-.646-.204-.3-.602-.468-.861-.719z\"></path></svg>',1),('NextJS','<svg viewBox=\"0 0 128 128\"><path d=\"M64 0C28.7 0 0 28.7 0 64s28.7 64 64 64 64-28.7 64-64S99.3 0 64 0zm32.7 114.4L48.4 41.8h-6.8v50.1h6.8V55.3l44.2 61.5c-8.5 4.6-18.2 7.2-28.6 7.2-33.2.1-60.1-26.8-60.1-60S30.8 3.9 64 3.9s60.1 26.9 60.1 60.1c0 21.1-10.9 39.7-27.4 50.4z\"></path><path d=\"M78.6 73.3l7.5 11.3V41.8h-7.5z\"></path></svg>',1),('Nginx','<svg viewBox=\"0 0 128 128\"><path d=\"M24.5 50.5c-1.5 0-2.5 1.2-2.5 2.7v14.1l-15.9-16c-.8-.8-2.2-1-3.2-.6S1 52.1 1 53.2v20.7c0 1.5 1.5 2.7 3 2.7s3-1.2 3-2.7V59.8l16.1 16c.5.5 1.2.8 1.9.8.3 0 .4-.1.7-.2 1-.4 1.3-1.4 1.3-2.5V53.3c0-1.5-1-2.8-2.5-2.8zm19.7 11.8c-1.4 0-2.7 1.4-2.7 2.8s1.3 2.8 2.7 2.8l6.6.4-1.5 3.7h-8.5l-4.2-7.9 4.3-8.1H50l2.1 4h5.5L54 52.1l-.8-1.1H37.6l-.7 1.2L31 62.5l-.7 1.3.7 1.3 5.8 10.3.8 1.6h15.1l.7-1.7 4.3-9 1.9-4.3h-4.4l-11 .3zM65 50.5c-1.4 0-3 1.3-3 2.7V60h6v-6.7c0-1.5-1.6-2.8-3-2.8zm30.4.3c-1-.4-2.4-.2-3.1.6L76 67.4V53.3c0-1.5-1-2.7-2.5-2.7S71 51.8 71 53.3V74c0 1.1.7 2.1 1.7 2.5.3.1.7.2 1 .2.7 0 1.6-.3 2.1-.8l16.2-16V74c0 1.5 1 2.7 2.5 2.7S97 75.5 97 74V53.3c0-1.1-.6-2.1-1.6-2.5zm21.8 12.8l8.4-8.4c1.1-1.1 1.1-2.8 0-3.8-1.1-1.1-2.8-1.1-3.8 0l-8.4 8.4-8.4-8.4c-1.1-1.1-2.8-1.1-3.8 0-1.1 1.1-1.1 2.8 0 3.8l8.4 8.4-8.4 8.4c-1.1 1.1-1.1 2.8 0 3.8.5.5 1.2.8 1.9.8s1.4-.3 1.9-.8l8.4-8.4 8.4 8.4c.5.5 1.2.8 1.9.8s1.4-.3 1.9-.8c1.1-1.1 1.1-2.8 0-3.8l-8.4-8.4zM62 73.9c0 1.4 1.5 2.7 3 2.7 1.4 0 3-1.3 3-2.7V62h-6v11.9z\" fill=\"#090\"></path></svg>',0),('NodeJS','<svg viewBox=\"0 0 128 128\"><path fill=\"#83CD29\" d=\"M112.771 30.334L68.674 4.729c-2.781-1.584-6.402-1.584-9.205 0L14.901 30.334C12.031 31.985 10 35.088 10 38.407v51.142c0 3.319 2.084 6.423 4.954 8.083l11.775 6.688c5.628 2.772 7.617 2.772 10.178 2.772 8.333 0 13.093-5.039 13.093-13.828v-50.49c0-.713-.371-1.774-1.071-1.774h-5.623C42.594 41 41 42.061 41 42.773v50.49c0 3.896-3.524 7.773-10.11 4.48L18.723 90.73c-.424-.23-.723-.693-.723-1.181V38.407c0-.482.555-.966.982-1.213l44.424-25.561c.415-.235 1.025-.235 1.439 0l43.882 25.555c.42.253.272.722.272 1.219v51.142c0 .488.183.963-.232 1.198l-44.086 25.576c-.378.227-.847.227-1.261 0l-11.307-6.749c-.341-.198-.746-.269-1.073-.086-3.146 1.783-3.726 2.02-6.677 3.043-.726.253-1.797.692.41 1.929l14.798 8.754a9.294 9.294 0 004.647 1.246c1.642 0 3.25-.426 4.667-1.246l43.885-25.582c2.87-1.672 4.23-4.764 4.23-8.083V38.407c0-3.319-1.36-6.414-4.229-8.073zM77.91 81.445c-11.726 0-14.309-3.235-15.17-9.066-.1-.628-.633-1.379-1.272-1.379h-5.731c-.709 0-1.279.86-1.279 1.566 0 7.466 4.059 16.512 23.453 16.512 14.039 0 22.088-5.455 22.088-15.109 0-9.572-6.467-12.084-20.082-13.886-13.762-1.819-15.16-2.738-15.16-5.962 0-2.658 1.184-6.203 11.374-6.203 9.105 0 12.461 1.954 13.842 8.091.118.577.645.991 1.24.991h5.754c.354 0 .692-.143.94-.396.24-.272.367-.613.335-.979-.891-10.568-7.912-15.493-22.112-15.493-12.631 0-20.166 5.334-20.166 14.275 0 9.698 7.497 12.378 19.622 13.577 14.505 1.422 15.633 3.542 15.633 6.395 0 4.955-3.978 7.066-13.309 7.066z\"></path></svg>',0),('OAuth2','<svg xmlns=\"http://www.w3.org/2000/svg\" xmlns:xlink=\"http://www.w3.org/1999/xlink\" aria-hidden=\"true\" focusable=\"false\" style=\"-ms-transform: rotate(360deg); -webkit-transform: rotate(360deg); transform: rotate(360deg);\" preserveAspectRatio=\"xMidYMid meet\" viewBox=\"0 0 256 256\"><path d=\"M118.923.371c56.56-3.922 94.064 23.757 115.507 57.48c10.752 16.91 21.302 42.59 21.35 68.977c.052 28.67-9.235 53.496-21.35 71.713c-12.45 18.723-28.555 34.188-48.72 44.342c-33.71 16.974-80.82 17.438-111.677 1.095c-34.365-18.2-60.786-44.18-70.618-89.231c-3.935-18.03-4.387-41.325 1.094-61.312c1.287-4.689 3.625-9.623 5.475-14.234c8.893-22.154 24.029-41.419 42.7-54.743c7.502-5.354 16.604-10.679 24.634-14.233C87.31 5.802 104.132 1.397 118.923.37z\" fill=\"#FFF\"/><path d=\"M226.212 130.016c0 53.456-43.335 96.788-96.79 96.788c-53.456 0-96.79-43.332-96.79-96.788c0-53.455 43.334-96.79 96.79-96.79c53.455 0 96.79 43.335 96.79 96.79z\" fill=\"#000\"/><path d=\"M118.923.371c56.56-3.922 94.064 23.757 115.507 57.48c10.752 16.91 21.302 42.59 21.35 68.977c.052 28.67-9.235 53.496-21.35 71.713c-12.45 18.723-28.555 34.188-48.72 44.342c-33.71 16.974-80.82 17.438-111.677 1.095c-34.365-18.2-60.786-44.18-70.618-89.231c-3.935-18.03-4.387-41.325 1.094-61.312c1.287-4.689 3.625-9.623 5.475-14.234c8.893-22.154 24.029-41.419 42.7-54.743c7.502-5.354 16.604-10.679 24.634-14.233C87.31 5.802 104.132 1.397 118.923.37zm-19.16 9.307c-21.01 5.447-36.413 15.205-49.817 25.73C30.62 50.582 18.298 71.76 11.08 97.266c-8.031 28.376-2.873 62.715 8.211 84.304c11.494 22.388 26.927 39.766 48.721 52.006c21.204 11.907 51.026 19.553 82.115 13.686c27.623-5.214 48.602-17.247 65.692-35.036c22.866-23.802 41.244-67.641 29.014-113.866c-3.269-12.354-7.543-25.23-14.233-36.13c-3.615-5.889-8.92-11.682-14.233-17.518c-20.056-22.025-52.471-41.004-94.159-38.32c-7.933.51-14.905 1.33-22.445 3.285z\" fill=\"#000\"/><g fill=\"#FFF\"><path d=\"M135.576 246.399l111.846-111.843l-.603-.604l-111.846 111.843l.603.604z\"/><path d=\"M125.799 237.541l112.333-112.33l-.603-.604l-112.334 112.33l.604.604z\"/><path d=\"M116.021 228.685l112.822-112.82l-.604-.604l-112.821 112.82l.603.604z\"/><path d=\"M106.243 219.827l113.31-113.307l-.603-.604l-113.31 113.308l.603.603z\"/><path d=\"M96.466 210.97L210.264 97.174l-.604-.604L95.862 210.367l.604.603z\"/><path d=\"M86.688 202.115L200.973 87.829l-.603-.604L86.084 201.512l.604.603z\"/><path d=\"M76.91 193.256L191.684 78.483l-.604-.603L76.306 192.652l.604.604z\"/><path d=\"M67.132 184.399L182.394 69.138l-.604-.604L66.528 183.795l.604.604z\"/><path d=\"M57.354 175.541L173.102 59.792l-.604-.603L56.75 174.938l.604.603z\"/><path d=\"M47.576 166.684L163.814 50.447l-.603-.603L46.973 166.08l.603.604z\"/><path d=\"M37.798 157.827L154.525 41.102l-.604-.604L37.195 157.224l.603.603z\"/><path d=\"M28.02 148.97L145.236 31.756l-.603-.603L27.417 148.366l.604.604z\"/><path d=\"M18.243 140.112L135.945 22.411l-.603-.604L17.639 139.51l.604.603z\"/><path d=\"M8.465 131.255l118.19-118.19l-.603-.603l-118.19 118.19l.603.603z\"/><g><path d=\"M7.823 132.386l114.08 114.085l.604-.603L8.427 131.782l-.604.604z\"/><path d=\"M17.075 123.002L131.377 237.31l.603-.603L17.678 122.399l-.603.603z\"/><path d=\"M26.326 113.618l114.524 114.53l.604-.604L26.93 113.015l-.604.603z\"/><path d=\"M35.578 104.235l114.746 114.751l.603-.603L36.181 103.63l-.603.604z\"/><path d=\"M44.829 94.851l114.968 114.973l.603-.603L45.432 94.248l-.603.603z\"/><path d=\"M54.08 85.467L169.27 200.662l.603-.603L54.684 84.864l-.604.603z\"/><path d=\"M63.331 76.084L178.744 191.5l.604-.603L63.935 75.48l-.604.604z\"/><path d=\"M72.582 66.7l115.636 115.638l.603-.603L73.186 66.097l-.604.603z\"/><path d=\"M81.834 57.316l115.857 115.86l.604-.603L82.437 56.713l-.603.603z\"/><path d=\"M91.085 47.933l116.08 116.08l.603-.603L91.688 47.33l-.603.603z\"/><path d=\"M100.337 38.549l116.3 116.304l.604-.604L100.94 37.946l-.603.603z\"/><path d=\"M109.588 29.165L226.11 145.69l.604-.603L110.19 28.562l-.603.603z\"/><path d=\"M118.839 19.782l116.745 116.747l.604-.603L119.442 19.179l-.603.603z\"/><path d=\"M128.09 10.398l116.968 116.969l.603-.604L128.694 9.795l-.603.603z\"/></g></g><path d=\"M209.796 45.26c-10.066-10.066-22.442-19.137-37.225-24.634c-15.323-5.698-32.657-10.501-53.101-8.759c-32.566 2.776-55.43 17.387-72.808 34.488C34.49 58.333 25.334 73.011 19.29 90.15c-8.874 25.165-8.335 54.868 1.642 80.472c8.51 21.84 22.44 39.455 42.152 53.1c18.53 12.83 45.127 22.779 74.998 20.256c36.383-3.073 63.003-21.739 80.472-43.247c4.47-5.502 8.914-11.722 11.496-19.16c2.53-5.36 3.768-9.002 4.927-10.948c4.852-10.873 7.423-22.344 8.211-35.036c2.426-39.036-12.593-69.528-33.392-90.326zm-10.722 118.933c-.07.149-.132.287-.205.44c-1.805 5.165-4.914 9.483-8.039 13.305c-12.217 14.935-30.832 27.896-56.275 30.03c-20.89 1.751-39.489-5.157-52.447-14.065c-11.26-7.74-19.82-17.323-25.823-28.839c-.366-.693-3.852-8.724-3.862-9.077c-4.755-14.75-5.168-38.466-.287-52.698c3.257-9.5 8.686-19.777 15.875-27.92c9.927-11.242 19.861-18.447 35.584-23.539c7.178-2.325 13.605-4.692 22.444-4.927c21.555-.574 43.505 9.104 55.29 19.708c10.831 9.743 23.174 28.724 26.278 46.531c3.193 18.328-.215 36.223-8.533 51.051z\" fill=\"#000\"/><path d=\"M161.608 181.774c-5.308 0-9.966-3.361-11.592-8.364l-5.911-18.013H114.53l-5.493 17.848c-1.658 5.1-6.351 8.515-11.686 8.515c-1.281 0-2.553-.203-3.782-.601c-6.377-1.915-9.997-8.778-8.043-15.292l24.962-79.071c1.621-5.03 6.393-8.539 11.606-8.539h13.273c5.242 0 10.014 3.45 11.603 8.387l26.252 79.042c2.1 6.462-1.376 13.4-7.744 15.472c-1.26.41-2.56.616-3.87.616z\" fill=\"#FFF\"/><path d=\"M161.608 180.067c-4.755 0-8.92-3.005-10.374-7.48l-5.913-18.016l-.29-.881H113.586l-.278.904l-5.493 17.848a10.977 10.977 0 0 1-13.85 7.073c-5.726-1.72-8.963-7.87-7.212-13.707l24.957-79.053c1.448-4.495 5.73-7.644 10.385-7.644h13.273c4.689 0 8.966 3.092 10.385 7.499l26.256 79.053c1.879 5.784-1.233 11.998-6.926 13.852c-1.13.367-2.3.552-3.474.552zm0 2.56c1.444 0 2.88-.228 4.265-.678c7.046-2.293 10.883-9.956 8.567-17.085l-26.255-79.05c-1.757-5.457-7.022-9.263-12.818-9.263h-13.273c-5.772 0-11.034 3.87-12.824 9.426l-24.965 79.078c-2.16 7.199 1.833 14.783 8.896 16.903c1.33.432 2.735.655 4.15.655c5.893 0 11.075-3.774 12.904-9.399l5.499-17.867l-1.224.903h29.575l-1.217-.88l5.912 18.012c1.797 5.529 6.947 9.245 12.808 9.245z\" fill=\"#000\"/><g fill=\"#FFF\"><path d=\"M63.574 53.058l-.031-.043c-3.113-4.266-2.2-10.234 2.385-13.58c4.584-3.345 10.473-2.406 13.586 1.86l.032.042c3.113 4.266 2.2 10.235-2.385 13.58c-4.585 3.346-10.474 2.407-13.587-1.86zm11.8-8.612l-.031-.042c-1.564-2.144-4.477-2.88-6.747-1.224c-2.25 1.642-2.425 4.567-.861 6.711l.031.042c1.565 2.144 4.477 2.881 6.727 1.24c2.27-1.658 2.446-4.583.881-6.727z\"/><path d=\"M93.587 25.095l4.678-1.5L111.38 38.84l-5.204 1.67l-2.279-2.719l-6.755 2.168l-.248 3.529l-5.103 1.637l1.796-20.03zm7.697 9.369l-3.55-4.353l-.378 5.613l3.928-1.26z\"/><path d=\"M119.806 29.682l.04-10.327l5.177.02l-.04 10.222c-.011 2.654 1.324 3.92 3.374 3.93c2.05.007 3.394-1.196 3.404-3.77l.041-10.353l5.177.02l-.04 10.195c-.024 5.939-3.424 8.527-8.653 8.506c-5.229-.022-8.503-2.689-8.48-8.443z\"/><path d=\"M155.673 27.878l-5.277-1.611l1.304-4.272l15.43 4.709l-1.304 4.272l-5.277-1.61l-4.065 13.319l-4.875-1.488l4.064-13.32z\"/><path d=\"M180.912 32.665l4.243 2.824l-3.813 5.731l5.447 3.625l3.814-5.731l4.243 2.824l-10.19 15.313l-4.244-2.825l3.873-5.818l-5.448-3.625l-3.872 5.818l-4.243-2.824l10.19-15.312z\"/></g><g fill=\"#FFF\"><path d=\"M195.902 200.057l.033.041c3.274 4.144 2.589 10.144-1.865 13.662c-4.453 3.519-10.375 2.805-13.649-1.339l-.032-.041c-3.275-4.145-2.589-10.144 1.864-13.663c4.454-3.517 10.375-2.804 13.65 1.34zm-11.464 9.057l.033.041c1.645 2.083 4.583 2.708 6.79.965c2.185-1.727 2.249-4.656.603-6.739l-.033-.041c-1.644-2.083-4.583-2.708-6.769-.981c-2.206 1.743-2.269 4.672-.624 6.755z\"/><path d=\"M167.128 229.198l-4.608 1.705l-13.773-14.654l5.125-1.898l2.397 2.616l6.654-2.463l.091-3.536l5.027-1.86l-.913 20.09zm-8.102-9.02l3.738 4.191l.131-5.624l-3.869 1.432z\"/><path d=\"M140.752 225.7l.455 10.317l-5.17.228l-.452-10.212c-.117-2.65-1.511-3.851-3.559-3.761c-2.047.09-3.333 1.357-3.22 3.93l.457 10.342l-5.17.228l-.45-10.185c-.263-5.932 3.01-8.68 8.233-8.911c5.224-.23 8.622 2.275 8.876 8.024z\"/><path d=\"M104.82 229.073l5.327 1.439l-1.164 4.313l-15.578-4.205l1.164-4.313l5.328 1.438l3.63-13.447l4.922 1.329l-3.63 13.446z\"/><path d=\"M79.637 225.326l-4.373-2.62l3.54-5.906l-5.612-3.364l-3.54 5.906l-4.372-2.62l9.457-15.779l4.372 2.621l-3.593 5.996l5.612 3.364l3.593-5.996l4.373 2.621l-9.457 15.777z\"/></g></svg>',0),('Python','<svg viewBox=\"0 0 128 128\"><linearGradient id=\"python-original-a\" gradientUnits=\"userSpaceOnUse\" x1=\"70.252\" y1=\"1237.476\" x2=\"170.659\" y2=\"1151.089\" gradientTransform=\"matrix(.563 0 0 -.568 -29.215 707.817)\"><stop offset=\"0\" stop-color=\"#5A9FD4\"></stop><stop offset=\"1\" stop-color=\"#306998\"></stop></linearGradient><linearGradient id=\"python-original-b\" gradientUnits=\"userSpaceOnUse\" x1=\"209.474\" y1=\"1098.811\" x2=\"173.62\" y2=\"1149.537\" gradientTransform=\"matrix(.563 0 0 -.568 -29.215 707.817)\"><stop offset=\"0\" stop-color=\"#FFD43B\"></stop><stop offset=\"1\" stop-color=\"#FFE873\"></stop></linearGradient><path fill=\"url(#python-original-a)\" d=\"M63.391 1.988c-4.222.02-8.252.379-11.8 1.007-10.45 1.846-12.346 5.71-12.346 12.837v9.411h24.693v3.137H29.977c-7.176 0-13.46 4.313-15.426 12.521-2.268 9.405-2.368 15.275 0 25.096 1.755 7.311 5.947 12.519 13.124 12.519h8.491V67.234c0-8.151 7.051-15.34 15.426-15.34h24.665c6.866 0 12.346-5.654 12.346-12.548V15.833c0-6.693-5.646-11.72-12.346-12.837-4.244-.706-8.645-1.027-12.866-1.008zM50.037 9.557c2.55 0 4.634 2.117 4.634 4.721 0 2.593-2.083 4.69-4.634 4.69-2.56 0-4.633-2.097-4.633-4.69-.001-2.604 2.073-4.721 4.633-4.721z\" transform=\"translate(0 10.26)\"></path><path fill=\"url(#python-original-b)\" d=\"M91.682 28.38v10.966c0 8.5-7.208 15.655-15.426 15.655H51.591c-6.756 0-12.346 5.783-12.346 12.549v23.515c0 6.691 5.818 10.628 12.346 12.547 7.816 2.297 15.312 2.713 24.665 0 6.216-1.801 12.346-5.423 12.346-12.547v-9.412H63.938v-3.138h37.012c7.176 0 9.852-5.005 12.348-12.519 2.578-7.735 2.467-15.174 0-25.096-1.774-7.145-5.161-12.521-12.348-12.521h-9.268zM77.809 87.927c2.561 0 4.634 2.097 4.634 4.692 0 2.602-2.074 4.719-4.634 4.719-2.55 0-4.633-2.117-4.633-4.719 0-2.595 2.083-4.692 4.633-4.692z\" transform=\"translate(0 10.26)\"></path><radialGradient id=\"python-original-c\" cx=\"1825.678\" cy=\"444.45\" r=\"26.743\" gradientTransform=\"matrix(0 -.24 -1.055 0 532.979 557.576)\" gradientUnits=\"userSpaceOnUse\"><stop offset=\"0\" stop-color=\"#B8B8B8\" stop-opacity=\".498\"></stop><stop offset=\"1\" stop-color=\"#7F7F7F\" stop-opacity=\"0\"></stop></radialGradient><path opacity=\".444\" fill=\"url(#python-original-c)\" d=\"M97.309 119.597c0 3.543-14.816 6.416-33.091 6.416-18.276 0-33.092-2.873-33.092-6.416 0-3.544 14.815-6.417 33.092-6.417 18.275 0 33.091 2.872 33.091 6.417z\"></path></svg>',0),('React','<svg viewBox=\"0 0 128 128\"><g fill=\"#61DAFB\"><circle cx=\"64\" cy=\"64\" r=\"11.4\"></circle><path d=\"M107.3 45.2c-2.2-.8-4.5-1.6-6.9-2.3.6-2.4 1.1-4.8 1.5-7.1 2.1-13.2-.2-22.5-6.6-26.1-1.9-1.1-4-1.6-6.4-1.6-7 0-15.9 5.2-24.9 13.9-9-8.7-17.9-13.9-24.9-13.9-2.4 0-4.5.5-6.4 1.6-6.4 3.7-8.7 13-6.6 26.1.4 2.3.9 4.7 1.5 7.1-2.4.7-4.7 1.4-6.9 2.3C8.2 50 1.4 56.6 1.4 64s6.9 14 19.3 18.8c2.2.8 4.5 1.6 6.9 2.3-.6 2.4-1.1 4.8-1.5 7.1-2.1 13.2.2 22.5 6.6 26.1 1.9 1.1 4 1.6 6.4 1.6 7.1 0 16-5.2 24.9-13.9 9 8.7 17.9 13.9 24.9 13.9 2.4 0 4.5-.5 6.4-1.6 6.4-3.7 8.7-13 6.6-26.1-.4-2.3-.9-4.7-1.5-7.1 2.4-.7 4.7-1.4 6.9-2.3 12.5-4.8 19.3-11.4 19.3-18.8s-6.8-14-19.3-18.8zM92.5 14.7c4.1 2.4 5.5 9.8 3.8 20.3-.3 2.1-.8 4.3-1.4 6.6-5.2-1.2-10.7-2-16.5-2.5-3.4-4.8-6.9-9.1-10.4-13 7.4-7.3 14.9-12.3 21-12.3 1.3 0 2.5.3 3.5.9zM81.3 74c-1.8 3.2-3.9 6.4-6.1 9.6-3.7.3-7.4.4-11.2.4-3.9 0-7.6-.1-11.2-.4-2.2-3.2-4.2-6.4-6-9.6-1.9-3.3-3.7-6.7-5.3-10 1.6-3.3 3.4-6.7 5.3-10 1.8-3.2 3.9-6.4 6.1-9.6 3.7-.3 7.4-.4 11.2-.4 3.9 0 7.6.1 11.2.4 2.2 3.2 4.2 6.4 6 9.6 1.9 3.3 3.7 6.7 5.3 10-1.7 3.3-3.4 6.6-5.3 10zm8.3-3.3c1.5 3.5 2.7 6.9 3.8 10.3-3.4.8-7 1.4-10.8 1.9 1.2-1.9 2.5-3.9 3.6-6 1.2-2.1 2.3-4.2 3.4-6.2zM64 97.8c-2.4-2.6-4.7-5.4-6.9-8.3 2.3.1 4.6.2 6.9.2 2.3 0 4.6-.1 6.9-.2-2.2 2.9-4.5 5.7-6.9 8.3zm-18.6-15c-3.8-.5-7.4-1.1-10.8-1.9 1.1-3.3 2.3-6.8 3.8-10.3 1.1 2 2.2 4.1 3.4 6.1 1.2 2.2 2.4 4.1 3.6 6.1zm-7-25.5c-1.5-3.5-2.7-6.9-3.8-10.3 3.4-.8 7-1.4 10.8-1.9-1.2 1.9-2.5 3.9-3.6 6-1.2 2.1-2.3 4.2-3.4 6.2zM64 30.2c2.4 2.6 4.7 5.4 6.9 8.3-2.3-.1-4.6-.2-6.9-.2-2.3 0-4.6.1-6.9.2 2.2-2.9 4.5-5.7 6.9-8.3zm22.2 21l-3.6-6c3.8.5 7.4 1.1 10.8 1.9-1.1 3.3-2.3 6.8-3.8 10.3-1.1-2.1-2.2-4.2-3.4-6.2zM31.7 35c-1.7-10.5-.3-17.9 3.8-20.3 1-.6 2.2-.9 3.5-.9 6 0 13.5 4.9 21 12.3-3.5 3.8-7 8.2-10.4 13-5.8.5-11.3 1.4-16.5 2.5-.6-2.3-1-4.5-1.4-6.6zM7 64c0-4.7 5.7-9.7 15.7-13.4 2-.8 4.2-1.5 6.4-2.1 1.6 5 3.6 10.3 6 15.6-2.4 5.3-4.5 10.5-6 15.5C15.3 75.6 7 69.6 7 64zm28.5 49.3c-4.1-2.4-5.5-9.8-3.8-20.3.3-2.1.8-4.3 1.4-6.6 5.2 1.2 10.7 2 16.5 2.5 3.4 4.8 6.9 9.1 10.4 13-7.4 7.3-14.9 12.3-21 12.3-1.3 0-2.5-.3-3.5-.9zM96.3 93c1.7 10.5.3 17.9-3.8 20.3-1 .6-2.2.9-3.5.9-6 0-13.5-4.9-21-12.3 3.5-3.8 7-8.2 10.4-13 5.8-.5 11.3-1.4 16.5-2.5.6 2.3 1 4.5 1.4 6.6zm9-15.6c-2 .8-4.2 1.5-6.4 2.1-1.6-5-3.6-10.3-6-15.6 2.4-5.3 4.5-10.5 6-15.5 13.8 4 22.1 10 22.1 15.6 0 4.7-5.8 9.7-15.7 13.4z\"></path></g></svg>',0),('Redux','<svg viewBox=\"0 0 128 128\"><path fill=\"none\" d=\"M0 0h128v128H0z\"></path><path d=\"M88.69 88.11c-9 18.4-24.76 30.78-45.61 34.85a39.73 39.73 0 01-9.77 1.14c-12 0-23-5-28.34-13.19C-2.2 100-4.64 76.87 19 59.76c.48 2.61 1.46 6.19 2.11 8.31A38.24 38.24 0 0010 81.1c-4.4 8.64-3.91 17.27 1.3 25.25 3.6 5.38 9.3 8.65 16.63 9.65a44 44 0 0026.55-5c12.71-6.68 21.18-14.66 26.72-25.57a9.32 9.32 0 01-2.61-6A9.12 9.12 0 0187.37 70h.34a9.15 9.15 0 011 18.25zm28.67-20.2c12.21 13.84 12.54 30.13 7.82 39.58-4.4 8.63-16 17.27-31.6 17.27a50.48 50.48 0 01-21-5.05c2.29-1.63 5.54-4.24 7.33-5.87a41.54 41.54 0 0016 3.42c10.1 0 17.75-4.72 22.31-13.35 2.93-5.7 3.1-12.38.33-19.22a43.61 43.61 0 00-17.27-20.85 62 62 0 00-34.74-10.59h-2.93a9.21 9.21 0 01-8 5.54h-.31a9.13 9.13 0 01-.3-18.25h.33a9 9 0 018 4.89h2.61c20.8 0 39.06 7.98 51.42 22.48zm-82.75 23a7.31 7.31 0 011.14-4.73c-9.12-15.8-14-35.83-6.51-56.68C34.61 13.83 48.13 3.24 62.79 3.24c15.64 0 31.93 13.69 33.88 40.07-2.44-.81-6-2-8.14-2.44-.53-8.63-7.82-30.13-25.09-29.81-6.19.17-15.31 3.1-20 9.12a43.69 43.69 0 00-9.64 25.25 59.61 59.61 0 008.47 36.16 2.75 2.75 0 011.14-.16h.32a9.12 9.12 0 01.33 18.24h-.33a9.16 9.16 0 01-9.12-8.79z\" fill=\"#764abc\"></path></svg>',0),('SCSS','<svg viewBox=\"0 0 128 128\"><path fill-rule=\"evenodd\" clip-rule=\"evenodd\" fill=\"#CB6699\" d=\"M1.219 56.156c0 .703.207 1.167.323 1.618.756 2.933 2.381 5.45 4.309 7.746 2.746 3.272 6.109 5.906 9.554 8.383 2.988 2.148 6.037 4.248 9.037 6.38.515.366 1.002.787 1.561 1.236-.481.26-.881.489-1.297.7-3.959 2.008-7.768 4.259-11.279 6.986-2.116 1.644-4.162 3.391-5.607 5.674-2.325 3.672-3.148 7.584-1.415 11.761.506 1.22 1.278 2.274 2.367 3.053.353.252.749.502 1.162.6 1.058.249 2.136.412 3.207.609l3.033-.002c3.354-.299 6.407-1.448 9.166-3.352 4.312-2.976 7.217-6.966 8.466-12.087.908-3.722.945-7.448-.125-11.153a11.696 11.696 0 00-.354-1.014c-.13-.333-.283-.657-.463-1.072l6.876-3.954.103.088c-.125.409-.258.817-.371 1.23-.817 2.984-1.36 6.02-1.165 9.117.208 3.3 1.129 6.389 3.061 9.146 1.562 2.23 5.284 2.313 6.944.075.589-.795 1.16-1.626 1.589-2.513 1.121-2.315 2.159-4.671 3.23-7.011l.187-.428c-.077 1.108-.167 2.081-.208 3.055-.064 1.521.025 3.033.545 4.48.445 1.238 1.202 2.163 2.62 2.326.97.111 1.743-.333 2.456-.896a10.384 10.384 0 002.691-3.199c1.901-3.491 3.853-6.961 5.576-10.54 1.864-3.871 3.494-7.855 5.225-11.792l.286-.698c.409 1.607.694 3.181 1.219 4.671.61 1.729 1.365 3.417 2.187 5.058.389.775.344 1.278-.195 1.928-2.256 2.72-4.473 5.473-6.692 8.223-.491.607-.98 1.225-1.389 1.888a3.701 3.701 0 00-.48 1.364 1.737 1.737 0 001.383 1.971 9.661 9.661 0 002.708.193c3.097-.228 5.909-1.315 8.395-3.157 3.221-2.386 4.255-5.642 3.475-9.501-.211-1.047-.584-2.065-.947-3.074-.163-.455-.174-.774.123-1.198 2.575-3.677 4.775-7.578 6.821-11.569.081-.157.164-.314.306-.482.663 3.45 1.661 6.775 3.449 9.792-.912.879-1.815 1.676-2.632 2.554-1.799 1.934-3.359 4.034-4.173 6.595-.35 1.104-.619 2.226-.463 3.405.242 1.831 1.742 3.021 3.543 2.604 3.854-.892 7.181-2.708 9.612-5.925 1.636-2.166 1.785-4.582 1.1-7.113-.188-.688-.411-1.365-.651-2.154.951-.295 1.878-.649 2.837-.868 4.979-1.136 9.904-.938 14.702.86 2.801 1.05 5.064 2.807 6.406 5.571 1.639 3.379.733 6.585-2.452 8.721-.297.199-.637.356-.883.605a.869.869 0 00-.205.67c.021.123.346.277.533.275 1.047-.008 1.896-.557 2.711-1.121 2.042-1.413 3.532-3.314 3.853-5.817l.063-.188-.077-1.63c-.031-.094.023-.187.016-.258-.434-3.645-2.381-6.472-5.213-8.688-3.28-2.565-7.153-3.621-11.249-3.788a25.401 25.401 0 00-9.765 1.503c-.897.325-1.786.71-2.688 1.073-.121-.219-.251-.429-.358-.646-.926-1.896-2.048-3.708-2.296-5.882-.176-1.544-.392-3.086-.025-4.613.353-1.469.813-2.913 1.246-4.362.223-.746.066-1.164-.646-1.5a2.854 2.854 0 00-.786-.258c-1.75-.254-3.476-.109-5.171.384-.6.175-1.036.511-1.169 1.175-.076.381-.231.746-.339 1.122-.443 1.563-.757 3.156-1.473 4.645-1.794 3.735-3.842 7.329-5.938 10.897-.227.385-.466.763-.752 1.23-.736-1.54-1.521-2.922-1.759-4.542-.269-1.832-.481-3.661-.025-5.479.339-1.356.782-2.687 1.19-4.025.193-.636.104-.97-.472-1.305-.291-.169-.62-.319-.948-.368a11.643 11.643 0 00-5.354.438c-.543.176-.828.527-.994 1.087-.488 1.652-.904 3.344-1.589 4.915-2.774 6.36-5.628 12.687-8.479 19.013-.595 1.321-1.292 2.596-1.963 3.882-.17.326-.418.613-.63.919-.17-.201-.236-.339-.235-.477.005-.813-.092-1.65.063-2.436a172.189 172.189 0 011.578-7.099c.47-1.946 1.017-3.874 1.538-5.807.175-.647.178-1.252-.287-1.796-.781-.911-2.413-1.111-3.381-.409l-.428.242.083-.69c.204-1.479.245-2.953-.161-4.41-.506-1.816-1.802-2.861-3.686-2.803-.878.027-1.8.177-2.613.497-3.419 1.34-6.048 3.713-8.286 6.568a2.592 2.592 0 01-.757.654c-2.893 1.604-5.795 3.188-8.696 4.778l-3.229 1.769c-.866-.826-1.653-1.683-2.546-2.41-2.727-2.224-5.498-4.393-8.244-6.592-2.434-1.949-4.792-3.979-6.596-6.56-1.342-1.92-2.207-4.021-2.29-6.395-.105-3.025.753-5.789 2.293-8.362 1.97-3.292 4.657-5.934 7.611-8.327 3.125-2.53 6.505-4.678 10.008-6.639 4.901-2.743 9.942-5.171 15.347-6.774 5.542-1.644 11.165-2.585 16.965-1.929 2.28.258 4.494.78 6.527 1.895 1.557.853 2.834 1.97 3.428 3.716.586 1.718.568 3.459.162 5.204-.825 3.534-2.76 6.447-5.195 9.05-3.994 4.267-8.866 7.172-14.351 9.091a39.478 39.478 0 01-9.765 2.083c-2.729.229-5.401-.013-7.985-.962-1.711-.629-3.201-1.591-4.399-2.987-.214-.25-.488-.521-.887-.287-.391.23-.46.602-.329.979.219.626.421 1.278.762 1.838.857 1.405 2.107 2.424 3.483 3.298 2.643 1.681 5.597 2.246 8.66 2.377 4.648.201 9.183-.493 13.654-1.74 6.383-1.78 11.933-4.924 16.384-9.884 3.706-4.13 6.353-8.791 6.92-14.419.277-2.747-.018-5.438-1.304-7.944-1.395-2.715-3.613-4.734-6.265-6.125C68.756 18.179 64.588 17 60.286 17h-4.31c-5.21 0-10.247 1.493-15.143 3.274-3.706 1.349-7.34 2.941-10.868 4.703-7.683 3.839-14.838 8.468-20.715 14.833-2.928 3.171-5.407 6.67-6.833 10.79a40.494 40.494 0 00-1.111 3.746m27.839 36.013c-.333 4.459-2.354 8.074-5.657 11.002-1.858 1.646-3.989 2.818-6.471 3.23-.9.149-1.821.185-2.694-.188-1.245-.532-1.524-1.637-1.548-2.814-.037-1.876.62-3.572 1.521-5.186 1.176-2.104 2.9-3.708 4.741-5.206 2.9-2.361 6.046-4.359 9.268-6.245l.243-.1c.498 1.84.735 3.657.597 5.507zM54.303 70.98c-.235 1.424-.529 2.849-.945 4.229-1.438 4.777-3.285 9.406-5.282 13.973-.369.845-.906 1.616-1.373 2.417a1.689 1.689 0 01-.283.334c-.578.571-1.126.541-1.418-.206-.34-.868-.549-1.797-.729-2.716-.121-.617-.092-1.265-.13-1.897.039-4.494 1.41-8.578 3.736-12.38.959-1.568 2.003-3.062 3.598-4.054a6.27 6.27 0 011.595-.706c.85-.239 1.372.154 1.231 1.006zm17.164 21.868l6.169-7.203c.257 2.675-4.29 8.015-6.169 7.203zm19.703-4.847c-.436.25-.911.43-1.358.661-.409.212-.544-.002-.556-.354a2.385 2.385 0 01.093-.721c.833-2.938 2.366-5.446 4.647-7.486l.16-.082c1.085 3.035-.169 6.368-2.986 7.982z\"></path></svg>',0),('Spring','<svg viewBox=\"0 0 128 128\"><path d=\"M116.452 6.643a59.104 59.104 0 01-6.837 12.136A64.249 64.249 0 0064.205-.026C28.984-.026 0 28.982 0 64.242a64.316 64.316 0 0019.945 46.562l2.368 2.1a64.22 64.22 0 0041.358 15.122c33.487 0 61.637-26.24 64.021-59.683 1.751-16.371-3.051-37.077-11.24-61.7zM29.067 111.17a5.5 5.5 0 01-4.269 2.034c-3.018 0-5.487-2.484-5.487-5.502 0-3.017 2.485-5.501 5.487-5.501 1.25 0 2.485.433 3.452 1.234 2.351 1.9 2.718 5.384.817 7.735zm87.119-19.238c-15.843 21.122-49.68 14.003-71.376 15.02 0 0-3.852.234-7.721.867 0 0 1.45-.617 3.335-1.334 15.226-5.301 22.43-6.335 31.685-11.086 17.427-8.869 34.654-28.274 38.24-48.463-6.637 19.422-26.75 36.11-45.077 42.895-12.557 4.635-35.238 9.136-35.238 9.136l-.917-.484c-15.442-7.518-15.91-40.977 12.157-51.78 12.291-4.735 24.048-2.134 37.323-5.302 14.175-3.367 30.568-14.004 37.238-27.874 7.471 22.19 16.46 56.932.35 78.405z\" fill=\"#77bc1f\"></path></svg>',0),('Terraform','<svg id=\"LOGOS\" xmlns=\"http://www.w3.org/2000/svg\" viewBox=\"0 0 244 258\"><defs><style>.cls-1{fill:#fff;}.cls-2{fill:#7b42bc;fill-rule:evenodd;}</style></defs><path class=\"cls-1\" d=\"M35.52,206.94h-9.6v-5.73H51.64v5.73H42V235.6H35.52Z\"/><path class=\"cls-1\" d=\"M58.43,231a26.57,26.57,0,0,0,7.69-1.18l1,4.75a27.1,27.1,0,0,1-9.24,1.6c-7.9,0-10.64-3.67-10.64-9.71v-6.66c0-5.32,2.38-9.81,10.43-9.81s9.86,4.7,9.86,10.12v5.37h-14v1.29C53.52,229.77,54.6,231,58.43,231Zm-4.91-10.58h8v-1.24c0-2.38-.72-4-3.82-4s-4.18,1.65-4.18,4Z\"/><path class=\"cls-1\" d=\"M84.35,215.72a49.9,49.9,0,0,0-6.67,3.67V235.6H71.39V210.45H76.7l.42,2.79a28.09,28.09,0,0,1,6.61-3.3Z\"/><path class=\"cls-1\" d=\"M99.73,215.72a49.79,49.79,0,0,0-6.66,3.67V235.6h-6.3V210.45h5.32l.41,2.79a28.29,28.29,0,0,1,6.61-3.3Z\"/><path class=\"cls-1\" d=\"M120.8,235.6h-5.16l-.47-1.7a13.82,13.82,0,0,1-7.49,2.22c-4.59,0-6.55-3.15-6.55-7.49,0-5.11,2.22-7.07,7.33-7.07h6v-2.64c0-2.79-.77-3.77-4.8-3.77a34.78,34.78,0,0,0-7,.78l-.78-4.8a32.59,32.59,0,0,1,8.63-1.19c7.9,0,10.22,2.79,10.22,9.09Zm-6.3-9.5h-4.65c-2.06,0-2.63.57-2.63,2.48,0,1.75.57,2.53,2.53,2.53a9.93,9.93,0,0,0,4.75-1.29Z\"/><path class=\"cls-1\" d=\"M140.16,204.72a18.25,18.25,0,0,0-3.61-.41c-2.48,0-2.84,1.08-2.84,3v3.15h6.4l-.36,5h-6V235.6h-6.3V215.46h-4v-5h4v-3.51c0-5.21,2.43-7.8,8-7.8a19.73,19.73,0,0,1,5.42.73Z\"/><path class=\"cls-1\" d=\"M152.45,236.12c-8.62,0-10.95-4.75-10.95-9.92v-6.35c0-5.16,2.33-9.91,10.95-9.91s11,4.75,11,9.91v6.35C163.4,231.37,161.08,236.12,152.45,236.12Zm0-20.81c-3.35,0-4.65,1.5-4.65,4.33v6.77c0,2.84,1.3,4.34,4.65,4.34s4.65-1.5,4.65-4.34v-6.77C157.1,216.81,155.81,215.31,152.45,215.31Z\"/><path class=\"cls-1\" d=\"M179.61,215.72a49.18,49.18,0,0,0-6.66,3.67V235.6h-6.3V210.45H172l.41,2.79a28.29,28.29,0,0,1,6.61-3.3Z\"/><path class=\"cls-1\" d=\"M196.91,235.6V218c0-1.34-.57-2-2-2a17.34,17.34,0,0,0-6.56,2.12V235.6H182V210.45h4.8l.62,2.12a25.19,25.19,0,0,1,10.07-2.63,4.78,4.78,0,0,1,4.75,2.68,24.64,24.64,0,0,1,10.12-2.68c4.18,0,5.68,2.94,5.68,7.43V235.6h-6.3V218c0-1.34-.57-2-2-2a16.6,16.6,0,0,0-6.56,2.12V235.6Z\"/><path class=\"cls-1\" d=\"M32.59,192.7v-4.82H28.17v4.82H25.92V181.11h2.25V186h4.42v-4.86h2.26V192.7Zm10.52,0H41.32l-.16-.56a4.9,4.9,0,0,1-2.59.74c-1.6,0-2.27-1-2.27-2.49,0-1.71.76-2.36,2.54-2.36h2.09v-.87c0-.93-.27-1.26-1.67-1.26a13.07,13.07,0,0,0-2.41.26l-.27-1.6a11.81,11.81,0,0,1,3-.39c2.74,0,3.54.92,3.54,3Zm-2.18-3.16H39.32c-.72,0-.91.19-.91.83s.19.84.87.84a3.58,3.58,0,0,0,1.65-.43Zm6.75,3.34a10.41,10.41,0,0,1-3-.49l.3-1.59a10.4,10.4,0,0,0,2.6.36c1,0,1.1-.21,1.1-.84s-.1-.78-1.52-1.1c-2.13-.5-2.38-1-2.38-2.63s.77-2.42,3.26-2.42a11.8,11.8,0,0,1,2.61.29l-.21,1.67a14.8,14.8,0,0,0-2.4-.25c-.95,0-1.11.21-1.11.73s0,.72,1.24,1c2.43.62,2.66.93,2.66,2.64S50.31,192.88,47.68,192.88Zm10-.18v-5.84c0-.44-.19-.67-.69-.67a6.16,6.16,0,0,0-2.28.71v5.8H52.52V181l2.18.32V185a8,8,0,0,1,3.19-.8c1.45,0,2,1,2,2.47v6.06Zm4-9.55v-2h2.18v2Zm0,9.55v-8.36h2.18v8.36Zm3.92-8.29c0-2.1,1.27-3.32,4.24-3.32a14,14,0,0,1,3.24.38l-.25,1.87a18.36,18.36,0,0,0-2.91-.29c-1.56,0-2.06.52-2.06,1.74v4.39c0,1.22.5,1.74,2.06,1.74a18.36,18.36,0,0,0,2.91-.29l.25,1.87a14,14,0,0,1-3.24.38c-3,0-4.24-1.22-4.24-3.32Zm12.3,8.47c-3,0-3.79-1.58-3.79-3.3v-2.12c0-1.71.81-3.29,3.79-3.29s3.8,1.58,3.8,3.29v2.12C81.71,191.3,80.9,192.88,77.91,192.88Zm0-6.93c-1.16,0-1.61.5-1.61,1.45v2.25c0,.94.45,1.44,1.61,1.44s1.61-.5,1.61-1.44V187.4C79.52,186.45,79.08,186,77.91,186Zm9.94.14a17.6,17.6,0,0,0-2.31,1.22v5.39H83.36v-8.36H85.2l.15.93a9.58,9.58,0,0,1,2.29-1.1Zm8.73,3.83c0,1.86-.86,3-2.88,3a13.22,13.22,0,0,1-2.33-.24v3.41l-2.18.33v-12h1.73l.22.7a4.71,4.71,0,0,1,2.75-.87c1.76,0,2.69,1,2.69,2.9Zm-5.21,1a10.09,10.09,0,0,0,1.93.22c.79,0,1.09-.36,1.09-1.12V187c0-.69-.26-1.07-1.07-1.07a3.17,3.17,0,0,0-1.95.76Z\"/><polygon class=\"cls-2\" points=\"102.58 46.91 141.41 69.33 141.41 114.16 102.58 91.75 102.58 46.91\"/><polygon class=\"cls-2\" points=\"145.67 69.33 145.67 114.16 184.5 91.75 184.5 46.91 145.67 69.33\"/><polygon class=\"cls-2\" points=\"59.5 21.88 59.5 66.72 98.33 89.14 98.33 44.3 59.5 21.88\"/><polygon class=\"cls-2\" points=\"102.58 141.49 141.41 163.91 141.41 119.38 141.41 119.08 102.58 96.66 102.58 141.49\"/></svg>',0),('TypeScript','<svg viewBox=\"0 0 128 128\"><path fill=\"#fff\" d=\"M22.67 47h99.67v73.67H22.67z\"></path><path data-name=\"original\" fill=\"#007acc\" d=\"M1.5 63.91v62.5h125v-125H1.5zm100.73-5a15.56 15.56 0 017.82 4.5 20.58 20.58 0 013 4c0 .16-5.4 3.81-8.69 5.85-.12.08-.6-.44-1.13-1.23a7.09 7.09 0 00-5.87-3.53c-3.79-.26-6.23 1.73-6.21 5a4.58 4.58 0 00.54 2.34c.83 1.73 2.38 2.76 7.24 4.86 8.95 3.85 12.78 6.39 15.16 10 2.66 4 3.25 10.46 1.45 15.24-2 5.2-6.9 8.73-13.83 9.9a38.32 38.32 0 01-9.52-.1 23 23 0 01-12.72-6.63c-1.15-1.27-3.39-4.58-3.25-4.82a9.34 9.34 0 011.15-.73L82 101l3.59-2.08.75 1.11a16.78 16.78 0 004.74 4.54c4 2.1 9.46 1.81 12.16-.62a5.43 5.43 0 00.69-6.92c-1-1.39-3-2.56-8.59-5-6.45-2.78-9.23-4.5-11.77-7.24a16.48 16.48 0 01-3.43-6.25 25 25 0 01-.22-8c1.33-6.23 6-10.58 12.82-11.87a31.66 31.66 0 019.49.26zm-29.34 5.24v5.12H56.66v46.23H45.15V69.26H28.88v-5a49.19 49.19 0 01.12-5.17C29.08 59 39 59 51 59h21.83z\"></path></svg>',0),('VueJS','<svg viewBox=\"0 0 128 128\"><path d=\"M0 8.934l49.854.158 14.167 24.47 14.432-24.47L128 8.935l-63.834 110.14zm126.98.637l-24.36.02-38.476 66.053L25.691 9.592.942 9.572l63.211 107.89zm-25.149-.008l-22.745.168-15.053 24.647L49.216 9.73l-22.794-.168 37.731 64.476zm-75.834-.17l23.002.009m-23.002-.01l23.002.01\" fill=\"none\"></path><path d=\"M25.997 9.393l23.002.009L64.035 34.36 79.018 9.404 102 9.398 64.15 75.053z\" fill=\"#35495e\"></path><path d=\"M.91 9.569l25.067-.172 38.15 65.659L101.98 9.401l25.11.026-62.966 108.06z\" fill=\"#41b883\"></path></svg>',0);
/*!40000 ALTER TABLE `languages` ENABLE KEYS */;
UNLOCK TABLES;

--
-- Table structure for table `languageUsage`
--

DROP TABLE IF EXISTS `languageUsage`;
/*!40101 SET @saved_cs_client     = @@character_set_client */;
/*!50503 SET character_set_client = utf8mb4 */;
CREATE TABLE `languageUsage` (
  `language` varchar(32) NOT NULL,
  `year` year NOT NULL,
  PRIMARY KEY (`language`,`year`),
  CONSTRAINT `languageusage_ibfk_1` FOREIGN KEY (`language`) REFERENCES `languages` (`name`)
) ENGINE=InnoDB DEFAULT CHARSET=utf8mb4 COLLATE=utf8mb4_0900_ai_ci;
/*!40101 SET character_set_client = @saved_cs_client */;

--
-- Dumping data for table `languageUsage`
--

LOCK TABLES `languageUsage` WRITE;
/*!40000 ALTER TABLE `languageUsage` DISABLE KEYS */;
INSERT INTO `languageUsage` VALUES ('AWS',2017),('AWS',2018),('AWS',2019),('AWS',2020),('AWS',2021),('C',2017),('C',2018),('C',2020),('CSS',2017),('CSS',2018),('CSS',2019),('CSS',2020),('CSS',2021),('Docker',2018),('Docker',2019),('Docker',2020),('Docker',2021),('Express',2018),('Express',2020),('Git',2016),('Git',2017),('Git',2018),('Git',2019),('Git',2020),('Git',2021),('Golang',2017),('Golang',2020),('Golang',2021),('gRPC',2020),('gRPC',2021),('HTML',2016),('HTML',2017),('HTML',2018),('HTML',2019),('HTML',2020),('HTML',2021),('Java',2015),('Java',2016),('Java',2017),('Java',2018),('Java',2019),('Java',2020),('Java',2021),('JavaScript',2016),('JavaScript',2017),('JavaScript',2018),('JavaScript',2019),('JavaScript',2020),('JavaScript',2021),('Koa',2020),('Koa',2021),('Kotlin',2021),('Kubernetes',2021),('MongoDB',2017),('MongoDB',2021),('MySQL',2017),('MySQL',2018),('MySQL',2019),('MySQL',2020),('MySQL',2021),('NextJS',2021),('Nginx',2018),('Nginx',2019),('Nginx',2020),('Nginx',2021),('NodeJS',2018),('NodeJS',2019),('NodeJS',2020),('OAuth2',2019),('OAuth2',2020),('Python',2016),('Python',2017),('Python',2018),('Python',2019),('Python',2020),('Python',2021),('React',2017),('React',2018),('React',2019),('React',2020),('React',2021),('Redux',2019),('Redux',2020),('Redux',2021),('SCSS',2019),('SCSS',2020),('SCSS',2021),('Spring',2018),('Spring',2019),('Spring',2020),('Spring',2021),('Terraform',2021),('TypeScript',2019),('TypeScript',2020),('TypeScript',2021),('VueJS',2020),('VueJS',2021);
/*!40000 ALTER TABLE `languageUsage` ENABLE KEYS */;
UNLOCK TABLES;

--
-- Table structure for table `techstack`
--

DROP TABLE IF EXISTS `techstack`;
/*!40101 SET @saved_cs_client     = @@character_set_client */;
/*!50503 SET character_set_client = utf8mb4 */;
CREATE TABLE `techstack` (
  `company` varchar(32) NOT NULL,
  `language` varchar(32) NOT NULL,
  PRIMARY KEY (`company`,`language`),
  KEY `language` (`language`),
  CONSTRAINT `techstack_ibfk_1` FOREIGN KEY (`company`) REFERENCES `workExperience` (`name`),
  CONSTRAINT `techstack_ibfk_2` FOREIGN KEY (`language`) REFERENCES `languages` (`name`)
) ENGINE=InnoDB DEFAULT CHARSET=utf8mb4 COLLATE=utf8mb4_0900_ai_ci;
/*!40101 SET character_set_client = @saved_cs_client */;

--
-- Dumping data for table `techstack`
--

LOCK TABLES `techstack` WRITE;
/*!40000 ALTER TABLE `techstack` DISABLE KEYS */;
INSERT INTO `techstack` VALUES ('Electronic Arts','AWS'),('Best Buy Canada','Docker'),('CA Technologies / Broadcom','Docker'),('Electronic Arts','Docker'),('Best Buy Canada','Java'),('CA Technologies / Broadcom','Java'),('Electronic Arts','Java'),('Ocean Networks Canada','Java'),('Best Buy Canada','JavaScript'),('CA Technologies / Broadcom','JavaScript'),('Electronic Arts','JavaScript'),('Ocean Networks Canada','JavaScript'),('Electronic Arts','Kubernetes'),('CA Technologies / Broadcom','Python'),('Best Buy Canada','React'),('Electronic Arts','React'),('Best Buy Canada','Spring'),('CA Technologies / Broadcom','Spring'),('Electronic Arts','Spring'),('Best Buy Canada','TypeScript'),('Electronic Arts','VueJS');
/*!40000 ALTER TABLE `techstack` ENABLE KEYS */;
UNLOCK TABLES;

--
-- Table structure for table `workExperience`
--

DROP TABLE IF EXISTS `workExperience`;
/*!40101 SET @saved_cs_client     = @@character_set_client */;
/*!50503 SET character_set_client = utf8mb4 */;
CREATE TABLE `workExperience` (
  `name` varchar(32) NOT NULL,
  `title` varchar(32) NOT NULL,
  `iconUrl` varchar(128) DEFAULT NULL,
  `startDate` date DEFAULT NULL,
  `endDate` date DEFAULT NULL,
  PRIMARY KEY (`name`)
) ENGINE=InnoDB DEFAULT CHARSET=utf8mb4 COLLATE=utf8mb4_0900_ai_ci;
/*!40101 SET character_set_client = @saved_cs_client */;

--
-- Dumping data for table `workExperience`
--

LOCK TABLES `workExperience` WRITE;
/*!40000 ALTER TABLE `workExperience` DISABLE KEYS */;
INSERT INTO `workExperience` VALUES ('Best Buy Canada','Software Developer Intern','/bestbuylogo.jpg','2019-04-10','2019-08-27'),('CA Technologies / Broadcom','Software Engineering Intern','/calogo.jpg','2018-08-27','2019-04-02'),('Electronic Arts','Software Engineer','/ealogo.png','2020-09-07',NULL),('Ocean Networks Canada','Software Engineering Intern','/onclogo.png','2018-01-15','2018-05-02');
/*!40000 ALTER TABLE `workExperience` ENABLE KEYS */;
UNLOCK TABLES;
/*!40103 SET TIME_ZONE=@OLD_TIME_ZONE */;

/*!40101 SET SQL_MODE=@OLD_SQL_MODE */;
/*!40014 SET FOREIGN_KEY_CHECKS=@OLD_FOREIGN_KEY_CHECKS */;
/*!40014 SET UNIQUE_CHECKS=@OLD_UNIQUE_CHECKS */;
/*!40101 SET CHARACTER_SET_CLIENT=@OLD_CHARACTER_SET_CLIENT */;
/*!40101 SET CHARACTER_SET_RESULTS=@OLD_CHARACTER_SET_RESULTS */;
/*!40101 SET COLLATION_CONNECTION=@OLD_COLLATION_CONNECTION */;
/*!40111 SET SQL_NOTES=@OLD_SQL_NOTES */;

-- Dump completed on 2021-06-27 23:15:09
